Feedback_ID,Feedback_Text,Sentiment,Category,Internship_Duration_Months,Department,Overall_Rating,Would_Recommend
INT0001,"All things considered, I went weeks without hearing from my mentor, which made it hard to know if I was on track. On top of that, most of what I did was so repetitive that there wasn't much room to actually learn anything new.",Negative,Mentorship,1,Human Resources,2,No
INT0002,"I never felt overwhelmed, and when things did get busy, my manager adjusted deadlines accordingly. There were busy weeks, but overall the workload felt fair given my experience level. That said, everyone's experience can vary.",Positive,Workload,6,Web Development,3,Yes
INT0003,"Honestly, the pace was reasonable and left room for me to ask questions without falling behind. Also, the exposure to real datasets taught me more about data cleaning than any course did.",Positive,Workload,1,Business Development,4,Yes
INT0004,"Onboarding was okay, some sessions were useful and others felt like they could've been an email. Meanwhile, the environment was fine, not particularly close-knit but not unfriendly either.",Neutral,Training,2,Machine Learning,3,Yes
INT0005,"All things considered, the team communicated fine for day-to-day tasks but bigger updates sometimes came late. That said, everyone's experience can vary.",Neutral,Communication,4,Marketing,3,Maybe
INT0006,"In my experience, I frequently had no idea what was happening with the project until it was almost too late. Also, there was a lot of pressure in the air that made the environment feel stressful most days. I wanted to share this feedback for future improvement.",Negative,Communication,5,Artificial Intelligence,1,Maybe
INT0007,"Honestly, the work I did often felt like busywork rather than anything that mattered to the team. On top of that, the team communicated fine for day-to-day tasks but bigger updates sometimes came late. I wanted to share this feedback for future improvement.",Negative,Tasks,5,Software Development,2,No
INT0008,The workshops during the first week gave me a solid foundation for the rest of the internship. I wanted to share this feedback for future improvement.,Positive,Training,1,Finance,5,Maybe
INT0009,"Throughout the program, I finished the internship feeling like I didn't get much value out of the time I put in. That's just my honest take.",Negative,Overall Experience,1,Marketing,1,Maybe
INT0010,I finished the internship feeling like I didn't get much value out of the time I put in. I wanted to share this feedback for future improvement.,Negative,Overall Experience,1,Software Development,1,No
INT0011,"In my experience, our stand-up meetings were short but genuinely useful for staying aligned with the team. Others might have had a different experience though.",Positive,Communication,2,Data Science,5,Yes
INT0012,"Honestly, there was a lot of pressure in the air that made the environment feel stressful most days.",Negative,Work Environment,1,Machine Learning,1,Maybe
INT0013,"All things considered, I learned a few new things, but a lot of it was stuff I already knew from school. There were learning opportunities here and there, but nothing that felt especially deep. Just my two cents.",Neutral,Learning,5,Finance,3,No
INT0014,"To be fair, my overall take is mixed, there were things I liked and things that could be better. Additionally, there wasn't a dedicated career development component, but I picked up a few useful tips along the way. That said, everyone's experience can vary.",Neutral,Overall Experience,1,Human Resources,3,Maybe
INT0015,"So far, this internship gave me a much clearer picture of what career path I actually want to pursue.",Positive,Career Development,6,Data Science,5,Yes
INT0016,"During my time here, this internship gave me a much clearer picture of what career path I actually want to pursue. I got genuinely useful advice on my resume and how to prepare for future interviews. Others might have had a different experience though.",Positive,Career Development,5,Machine Learning,5,Yes
INT0017,"Looking back, the training covered the basics adequately, though it felt a bit generic and the training was standard, nothing outstanding but nothing missing either. Meanwhile, the setup was fine, standard desks and standard hours, nothing remarkable either way. Others might have had a different experience though.",Neutral,Training,3,Marketing,3,Maybe
INT0018,I finished the internship feeling like I didn't get much value out of the time I put in. Others might have had a different experience though.,Negative,Overall Experience,1,Business Development,2,Maybe
INT0019,"Honestly, it was a fairly average internship, neither a highlight nor a disappointment. That said, I picked up some practical skills, though the internship leaned more toward repetition than discovery. That said, everyone's experience can vary.",Neutral,Overall Experience,6,Data Science,3,Maybe
INT0020,"The training was standard, nothing outstanding but nothing missing either. I wanted to share this feedback for future improvement.",Neutral,Training,5,Human Resources,2,Maybe
INT0021,"I kept doing the same small task over and over with little variation for weeks. Also, I picked up some practical skills, though the internship leaned more toward repetition than discovery. Others might have had a different experience though.",Negative,Tasks,5,Machine Learning,2,Maybe
INT0022,"Throughout the program, the learning curve was gentle, maybe too gentle for someone who wanted more of a challenge. I picked up some practical skills, though the internship leaned more toward repetition than discovery. Others might have had a different experience though.",Neutral,Learning,2,Finance,3,Maybe
INT0023,"From my perspective, I got genuinely useful advice on my resume and how to prepare for future interviews. Additionally, the office had a comfortable, low-pressure atmosphere that made it easy to concentrate. Just my two cents.",Positive,Career Development,3,Marketing,5,Yes
INT0024,"Overall, I came in hoping to learn a specific tool, but never actually got the chance to use it. Additionally, onboarding was okay, some sessions were useful and others felt like they could've been an email. Hopefully this helps improve the program.",Negative,Learning,1,Web Development,1,Maybe
INT0025,"Throughout the program, I got a general sense of the industry, though not much specific career guidance and there wasn't a dedicated career development component, but I picked up a few useful tips along the way. Also, I worked on a reasonable variety of tasks, though none of them felt particularly high-impact.",Neutral,Career Development,3,Software Development,3,Yes
INT0026,"For the most part, I worked on a reasonable variety of tasks, though none of them felt particularly high-impact.",Neutral,Tasks,2,Artificial Intelligence,3,No
INT0027,"The internship offered very little in terms of skill development, mostly just data entry-type work and I came in hoping to learn a specific tool, but never actually got the chance to use it.",Negative,Learning,2,Business Development,3,No
INT0028,"From my perspective, coworkers were nice enough, though most interactions stayed strictly work related. Meanwhile, the team communicated fine for day-to-day tasks but bigger updates sometimes came late.",Neutral,Team Environment,1,Finance,3,Yes
INT0029,"Throughout the program, the office had a comfortable, low-pressure atmosphere that made it easy to concentrate. The overall environment felt professional but not stiff, which suited me well. Meanwhile, my manager took the time to explain the reasoning behind decisions rather than just handing out tasks.",Positive,Work Environment,1,Business Development,5,Yes
INT0030,"All things considered, the overall environment felt professional but not stiff, which suited me well. The office had a comfortable, low-pressure atmosphere that made it easy to concentrate.",Positive,Work Environment,3,Web Development,5,Yes
INT0031,"Overall, updates about project changes always reached me quickly, so I rarely felt out of the loop. That said, everyone's experience can vary.",Positive,Communication,6,Human Resources,4,Yes
INT0032,"All things considered, the training materials were well organized and easy to follow even for a beginner. I appreciated that training wasn't rushed, we actually had time to practice before doing real work.",Positive,Training,1,Finance,3,Yes
INT0033,"By the end of the internship, tasks were varied enough that I never felt bored during the day. Hopefully this helps improve the program.",Positive,Tasks,4,Web Development,3,Yes
INT0034,"For the most part, I was often given more tasks than I could realistically finish within normal hours. That's just my honest take.",Negative,Workload,1,Human Resources,1,No
INT0035,"All things considered, there wasn't a dedicated career development component, but I picked up a few useful tips along the way. Just my two cents.",Neutral,Career Development,3,Business Development,3,Yes
INT0036,"Looking back, I barely got to interact with the wider team beyond my direct supervisor. Hopefully this helps improve the program.",Negative,Team Environment,3,Human Resources,1,Maybe
INT0037,"Throughout the program, I felt constantly behind because new tasks kept piling up before I finished the last ones.",Negative,Workload,6,Finance,1,Yes
INT0038,The workshops during the first week gave me a solid foundation for the rest of the internship. The training materials were well organized and easy to follow even for a beginner.,Positive,Training,4,Human Resources,5,Yes
INT0039,"From my perspective, most of what I did was so repetitive that there wasn't much room to actually learn anything new.",Negative,Learning,2,Data Science,1,No
INT0040,"From my perspective, the training was standard, nothing outstanding but nothing missing either. Additionally, I picked up some practical skills, though the internship leaned more toward repetition than discovery.",Neutral,Training,5,Machine Learning,3,Maybe
INT0041,"Overall, the workload was manageable, which let me actually focus on doing good work instead of rushing. Meanwhile, the exposure to real datasets taught me more about data cleaning than any course did. That's just my honest take.",Positive,Workload,3,Finance,4,Yes
INT0042,"For the most part, I got a general sense of the industry, though not much specific career guidance. Also, the team communicated fine for day-to-day tasks but bigger updates sometimes came late. Others might have had a different experience though.",Neutral,Career Development,6,Data Science,3,Maybe
INT0043,"In my experience, the workload picked up so much toward the end that I had to work late several nights.",Negative,Workload,2,Machine Learning,1,No
INT0044,"Honestly, I appreciated that training wasn't rushed, we actually had time to practice before doing real work. The training materials were well organized and easy to follow even for a beginner. That said, everyone's experience can vary.",Positive,Training,1,Web Development,4,Yes
INT0045,I left without much clarity on what skills I should focus on for my career. Nobody really discussed growth opportunities or what a future role here might look like.,Negative,Career Development,6,Data Science,1,No
INT0046,"Honestly, there was almost no formal training, I was expected to already know things I'd never used. I wanted to share this feedback for future improvement.",Negative,Training,5,Artificial Intelligence,2,No
INT0047,"I never felt overwhelmed, and when things did get busy, my manager adjusted deadlines accordingly. Additionally, the assignments were challenging without being overwhelming, which kept me engaged. That's just my honest take.",Positive,Workload,2,Business Development,4,Yes
INT0048,"Honestly, overall this internship exceeded what I expected going in and I'd recommend it to a friend. Looking back, I'm glad I chose this internship over the other offers I had.",Positive,Overall Experience,6,Human Resources,5,Yes
INT0049,"To be fair, my mentor always made time to answer questions, even when things got busy.",Positive,Mentorship,5,Marketing,5,Yes
INT0050,"All things considered, the setup was fine, standard desks and standard hours, nothing remarkable either way.",Neutral,Work Environment,6,Marketing,3,Yes
INT0051,"From my perspective, there was almost no mentorship structure, so I often felt left to guess what was expected.",Negative,Mentorship,3,Machine Learning,1,No
INT0052,"Overall, the training covered the basics adequately, though it felt a bit generic. Others might have had a different experience though.",Neutral,Training,2,Finance,2,Maybe
INT0053,"Looking back, I picked up skills here that I doubt I would have learned this fast in a classroom. On top of that, the exposure to real industry work will definitely help me stand out when I apply for jobs. Others might have had a different experience though.",Positive,Learning,5,Human Resources,4,Yes
INT0054,"All things considered, there was a lot of pressure in the air that made the environment feel stressful most days.",Negative,Work Environment,1,Marketing,2,No
INT0055,"So far, tasks were varied enough that I never felt bored during the day and the projects I worked on felt meaningful, not just busywork to fill the days. That said, the overall environment felt professional but not stiff, which suited me well. Hopefully this helps improve the program.",Positive,Tasks,1,Marketing,4,Yes
INT0056,"So far, the training materials were outdated and didn't match the tools we actually used day to day. Additionally, my assigned mentor was too busy with their own work to actually guide me.",Negative,Training,4,Business Development,2,No
INT0057,"If I'm being honest, looking back, I'm glad I chose this internship over the other offers I had and overall this internship exceeded what I expected going in and I'd recommend it to a friend. Meanwhile, our stand-up meetings were short but genuinely useful for staying aligned with the team.",Positive,Overall Experience,5,Marketing,5,Yes
INT0058,"Honestly, I expected to pick up new technical skills, but the tasks never really required them. The internship offered very little in terms of skill development, mostly just data entry-type work. That said, everyone's experience can vary.",Negative,Learning,2,Human Resources,3,Maybe
INT0059,"So far, the team culture was relaxed but still focused, which made coming to work genuinely enjoyable. I felt comfortable asking silly questions because nobody made me feel judged for it. Meanwhile, looking back, I'm glad I chose this internship over the other offers I had. Just my two cents.",Positive,Team Environment,3,Human Resources,5,Maybe
INT0060,"My overall take is mixed, there were things I liked and things that could be better. That said, everyone's experience can vary.",Neutral,Overall Experience,4,Web Development,4,Maybe
INT0061,"Looking back, overall this internship exceeded what I expected going in and I'd recommend it to a friend. Looking back, I'm glad I chose this internship over the other offers I had. Hopefully this helps improve the program.",Positive,Overall Experience,5,Marketing,4,Yes
INT0062,"During my time here, the lack of guidance meant I spent a lot of time unsure whether my work was even useful. I rarely got any real feedback from my supervisor beyond a quick 'looks good'. That said, the office felt disorganized, with unclear seating and outdated equipment for interns. I wanted to share this feedback for future improvement.",Negative,Mentorship,5,Finance,3,No
INT0063,"By the end of the internship, I got occasional guidance from senior staff, though it wasn't consistent week to week. I was assigned a mentor but our interactions were mostly limited to quick status updates. Meanwhile, coworkers were nice enough, though most interactions stayed strictly work related. Others might have had a different experience though.",Neutral,Mentorship,4,Business Development,3,Maybe
INT0064,"To be fair, I felt constantly behind because new tasks kept piling up before I finished the last ones and I was often given more tasks than I could realistically finish within normal hours. Hopefully this helps improve the program.",Negative,Workload,3,Web Development,2,No
INT0065,"If I'm being honest, the exposure to real industry work will definitely help me stand out when I apply for jobs. That said, there were busy weeks, but overall the workload felt fair given my experience level.",Positive,Career Development,3,Artificial Intelligence,4,Yes
INT0066,"To be fair, the training was standard, nothing outstanding but nothing missing either. Additionally, the setup was fine, standard desks and standard hours, nothing remarkable either way.",Neutral,Training,1,Software Development,3,Maybe
INT0067,"Honestly, the setup was fine, standard desks and standard hours, nothing remarkable either way. Also, the team communicated fine for day-to-day tasks but bigger updates sometimes came late.",Neutral,Work Environment,5,Machine Learning,3,No
INT0068,"In my experience, nobody really discussed growth opportunities or what a future role here might look like. Also, I was often given more tasks than I could realistically finish within normal hours. Hopefully this helps improve the program.",Negative,Career Development,6,Artificial Intelligence,3,Maybe
INT0069,"Looking back, the exposure to real datasets taught me more about data cleaning than any course did. That's just my honest take.",Positive,Learning,1,Artificial Intelligence,4,Yes
INT0070,"All things considered, onboarding was okay, some sessions were useful and others felt like they could've been an email.",Neutral,Training,5,Finance,3,No
INT0071,"Looking back, I sat through hours of generic training videos that had nothing to do with my actual role.",Negative,Training,6,Human Resources,2,No
INT0072,"For the most part, the assignments were straightforward and predictable for the most part.",Neutral,Tasks,4,Data Science,2,Yes
INT0073,"So far, the training covered the basics adequately, though it felt a bit generic. Additionally, I worked on a reasonable variety of tasks, though none of them felt particularly high-impact. That said, everyone's experience can vary.",Neutral,Training,6,Artificial Intelligence,3,Maybe
INT0074,"Looking back, the projects I worked on felt meaningful, not just busywork to fill the days. I wanted to share this feedback for future improvement.",Positive,Tasks,6,Business Development,5,Maybe
INT0075,"So far, I was often given more tasks than I could realistically finish within normal hours. Deadlines were frequently unrealistic given how much other work was already on my plate. Others might have had a different experience though.",Negative,Workload,2,Machine Learning,2,No
INT0076,"All things considered, I'd call this internship a genuinely valuable experience that shaped how I think about work. Hopefully this helps improve the program.",Positive,Overall Experience,6,Software Development,5,Yes
INT0077,"If I'm being honest, looking back, I'm glad I chose this internship over the other offers I had.",Positive,Overall Experience,5,Data Science,3,Yes
INT0078,"Looking back, the setup was fine, standard desks and standard hours, nothing remarkable either way. Others might have had a different experience though.",Neutral,Work Environment,5,Finance,2,Yes
INT0079,"From my perspective, overall this internship fell short of what I was expecting when I accepted the offer.",Negative,Overall Experience,4,Machine Learning,2,No
INT0080,"By the end of the internship, some weeks I got great input from my supervisor, other weeks I barely heard from them. Mentorship existed on paper but in practice it depended a lot on how busy people were. That's just my honest take.",Neutral,Mentorship,6,Software Development,3,Yes
INT0081,"The training covered the basics adequately, though it felt a bit generic and the training was standard, nothing outstanding but nothing missing either. Just my two cents.",Neutral,Training,4,Machine Learning,3,Maybe
INT0082,"By the end of the internship, I felt comfortable asking silly questions because nobody made me feel judged for it. I wanted to share this feedback for future improvement.",Positive,Team Environment,1,Business Development,4,Maybe
INT0083,"Honestly, getting a straight answer to a simple question could take days, which slowed everything down.",Negative,Communication,1,Artificial Intelligence,3,No
INT0084,"In my experience, resources like laptops and software licenses took weeks to sort out, which was frustrating.",Negative,Work Environment,4,Human Resources,1,Maybe
INT0085,The team communicated fine for day-to-day tasks but bigger updates sometimes came late.,Neutral,Communication,2,Data Science,2,Yes
INT0086,"During my time here, I finished the internship feeling like I didn't get much value out of the time I put in and overall this internship fell short of what I was expecting when I accepted the offer. Meanwhile, my assigned mentor was too busy with their own work to actually guide me.",Negative,Overall Experience,3,Software Development,2,No
INT0087,"Throughout the program, the training materials were outdated and didn't match the tools we actually used day to day and the onboarding was so rushed that I still had questions about basic tools weeks later. On top of that, I came in hoping to learn a specific tool, but never actually got the chance to use it. That's just my honest take.",Negative,Training,5,Machine Learning,2,No
INT0088,"By the end of the internship, seeing how the full-time employees approached their work helped me set realistic career goals. Hopefully this helps improve the program.",Positive,Career Development,3,Marketing,4,Yes
INT0089,"So far, there were learning opportunities here and there, but nothing that felt especially deep. I learned a few new things, but a lot of it was stuff I already knew from school.",Neutral,Learning,1,Business Development,3,Maybe
INT0090,"If I'm being honest, nothing stood out about the environment, it was just a typical corporate setup. That said, the tasks were fine, a mix of interesting bits and some routine administrative work.",Neutral,Work Environment,5,Software Development,2,Maybe
INT0091,"So far, overall this internship fell short of what I was expecting when I accepted the offer and I finished the internship feeling like I didn't get much value out of the time I put in. Additionally, the work environment was ordinary, similar to what I expected from an office internship.",Negative,Overall Experience,2,Data Science,2,No
INT0092,"In my experience, the tasks assigned to me didn't match the job description at all and I was rarely given tasks that felt connected to any bigger project or goal. Hopefully this helps improve the program.",Negative,Tasks,3,Marketing,2,No
INT0093,"All things considered, the pace was reasonable and left room for me to ask questions without falling behind. Just my two cents.",Positive,Workload,1,Finance,5,Yes
INT0094,"In my experience, I worked on a reasonable variety of tasks, though none of them felt particularly high-impact.",Neutral,Tasks,1,Web Development,3,Maybe
INT0095,"For the most part, the team was polite but mostly kept to themselves, so bonding took a while. That said, some days had engaging projects, others were mostly just formatting spreadsheets. That's just my honest take.",Neutral,Team Environment,4,Finance,3,Maybe
INT0096,"All things considered, the training covered the basics adequately, though it felt a bit generic.",Neutral,Training,5,Artificial Intelligence,3,No
INT0097,"In my experience, the team was upfront about expectations from day one, which made planning my work much easier. Feedback on my work came promptly and was specific enough to actually act on.",Positive,Communication,1,Software Development,5,Yes
INT0098,"My overall take is mixed, there were things I liked and things that could be better. It was a fairly average internship, neither a highlight nor a disappointment.",Neutral,Overall Experience,4,Artificial Intelligence,2,Maybe
INT0099,"Throughout the program, the office had a comfortable, low-pressure atmosphere that made it easy to concentrate.",Positive,Work Environment,1,Data Science,5,Yes
INT0100,"In my experience, it was a fairly average internship, neither a highlight nor a disappointment and my overall take is mixed, there were things I liked and things that could be better. That said, coworkers were nice enough, though most interactions stayed strictly work related.",Neutral,Overall Experience,1,Artificial Intelligence,2,Maybe
INT0101,"Looking back, the office felt disorganized, with unclear seating and outdated equipment for interns.",Negative,Work Environment,4,Marketing,2,Maybe
INT0102,"The team was upfront about expectations from day one, which made planning my work much easier. Updates about project changes always reached me quickly, so I rarely felt out of the loop. Additionally, the office had a comfortable, low-pressure atmosphere that made it easy to concentrate.",Positive,Communication,3,Artificial Intelligence,5,Yes
INT0103,"For the most part, the team culture was relaxed but still focused, which made coming to work genuinely enjoyable. Meanwhile, I appreciated that my work actually got used by the team instead of sitting in a drawer. I wanted to share this feedback for future improvement.",Positive,Team Environment,6,Machine Learning,5,Yes
INT0104,"By the end of the internship, communication between departments was so poor that tasks sometimes contradicted each other and there was a real disconnect between what one manager said and what another expected. Additionally, I got a general sense of the industry, though not much specific career guidance. Others might have had a different experience though.",Negative,Communication,3,Finance,2,No
INT0105,"By the end of the internship, I often felt like an outsider since most conversations happened without including interns.",Negative,Team Environment,5,Web Development,2,No
INT0106,"Honestly, updates about project changes always reached me quickly, so I rarely felt out of the loop. I wanted to share this feedback for future improvement.",Positive,Communication,3,Human Resources,4,Yes
INT0107,"Overall, the pace was reasonable and left room for me to ask questions without falling behind.",Positive,Workload,1,Machine Learning,4,Yes
INT0108,"The office had a comfortable, low-pressure atmosphere that made it easy to concentrate. That said, I appreciated that training wasn't rushed, we actually had time to practice before doing real work. That's just my honest take.",Positive,Work Environment,4,Marketing,5,Yes
INT0109,"By the end of the internship, the setup was fine, standard desks and standard hours, nothing remarkable either way.",Neutral,Work Environment,2,Web Development,3,Maybe
INT0110,"To be fair, the team communicated fine for day-to-day tasks but bigger updates sometimes came late. Additionally, the training covered the basics adequately, though it felt a bit generic.",Neutral,Communication,6,Finance,3,Yes
INT0111,"For the most part, there was a real disconnect between what one manager said and what another expected. That said, nobody really discussed growth opportunities or what a future role here might look like. Just my two cents.",Negative,Communication,3,Marketing,2,No
INT0112,"For the most part, looking back, I wouldn't say this was a particularly rewarding experience. That said, I was rarely given tasks that felt connected to any bigger project or goal. That's just my honest take.",Negative,Overall Experience,6,Finance,3,No
INT0113,"By the end of the internship, onboarding was okay, some sessions were useful and others felt like they could've been an email. Others might have had a different experience though.",Neutral,Training,1,Software Development,3,Maybe
INT0114,"During my time here, the overall environment felt professional but not stiff, which suited me well. Just my two cents.",Positive,Work Environment,3,Data Science,5,Yes
INT0115,"In my experience, I barely got to interact with the wider team beyond my direct supervisor. The team felt fragmented, with different people rarely talking to each other. That's just my honest take.",Negative,Team Environment,6,Marketing,2,Maybe
INT0116,"Throughout the program, my overall take is mixed, there were things I liked and things that could be better. Hopefully this helps improve the program.",Neutral,Overall Experience,1,Human Resources,3,No
INT0117,"If I'm being honest, overall this internship exceeded what I expected going in and I'd recommend it to a friend. Looking back, I'm glad I chose this internship over the other offers I had.",Positive,Overall Experience,1,Marketing,5,Yes
INT0118,"In my experience, the team felt fragmented, with different people rarely talking to each other. Meanwhile, the tasks assigned to me didn't match the job description at all. Just my two cents.",Negative,Team Environment,3,Marketing,2,No
INT0119,"All things considered, nothing stood out about the environment, it was just a typical corporate setup.",Neutral,Work Environment,3,Marketing,4,Yes
INT0120,"Overall, I expected to pick up new technical skills, but the tasks never really required them. That said, deadlines were frequently unrealistic given how much other work was already on my plate. Just my two cents.",Negative,Learning,6,Finance,1,Maybe
INT0121,"Looking back, our stand-up meetings were short but genuinely useful for staying aligned with the team.",Positive,Communication,5,Machine Learning,5,Yes
INT0122,"Looking back, the team was polite but mostly kept to themselves, so bonding took a while.",Neutral,Team Environment,6,Marketing,3,Maybe
INT0123,"The assignments were challenging without being overwhelming, which kept me engaged.",Positive,Tasks,2,Web Development,5,Maybe
INT0124,"All things considered, the team was upfront about expectations from day one, which made planning my work much easier. I never had to chase people for information, everything was communicated clearly upfront. Additionally, the team was polite but mostly kept to themselves, so bonding took a while. Hopefully this helps improve the program.",Positive,Communication,3,Marketing,5,Yes
INT0125,"So far, onboarding was okay, some sessions were useful and others felt like they could've been an email. That said, everyone's experience can vary.",Neutral,Training,5,Data Science,3,Maybe
INT0126,"Honestly, the projects I worked on felt meaningful, not just busywork to fill the days. Meanwhile, the exposure to real datasets taught me more about data cleaning than any course did. That said, everyone's experience can vary.",Positive,Tasks,4,Marketing,4,Yes
INT0127,"Being thrown into real projects forced me to learn tools I'd only read about before. The exposure to real datasets taught me more about data cleaning than any course did. Meanwhile, I appreciated that my work actually got used by the team instead of sitting in a drawer. Others might have had a different experience though.",Positive,Learning,4,Machine Learning,4,Yes
INT0128,"All things considered, resources like laptops and software licenses took weeks to sort out, which was frustrating. There was a lot of pressure in the air that made the environment feel stressful most days. I wanted to share this feedback for future improvement.",Negative,Work Environment,4,Finance,1,No
INT0129,"All things considered, most of my days were spent on repetitive data entry that didn't require much thought. Meanwhile, looking back, I wouldn't say this was a particularly rewarding experience. Hopefully this helps improve the program.",Negative,Tasks,5,Data Science,2,Maybe
INT0130,"Resources like laptops and software licenses took weeks to sort out, which was frustrating. Just my two cents.",Negative,Work Environment,5,Software Development,3,Maybe
INT0131,"If I'm being honest, most of my days were spent on repetitive data entry that didn't require much thought.",Negative,Tasks,4,Data Science,2,Maybe
INT0132,"If I'm being honest, I'd call this internship a genuinely valuable experience that shaped how I think about work and looking back, I'm glad I chose this internship over the other offers I had. Also, being thrown into real projects forced me to learn tools I'd only read about before. Hopefully this helps improve the program.",Positive,Overall Experience,5,Machine Learning,4,Yes
INT0133,"Overall, deadlines were frequently unrealistic given how much other work was already on my plate. I felt constantly behind because new tasks kept piling up before I finished the last ones.",Negative,Workload,4,Artificial Intelligence,3,No
INT0134,"Honestly, being thrown into real projects forced me to learn tools I'd only read about before. Getting to see how decisions are made in real projects taught me more than any lecture. That said, I felt comfortable asking silly questions because nobody made me feel judged for it. That said, everyone's experience can vary.",Positive,Learning,6,Marketing,4,Yes
INT0135,"If I'm being honest, getting a straight answer to a simple question could take days, which slowed everything down. Just my two cents.",Negative,Communication,4,Human Resources,2,No
INT0136,"By the end of the internship, the team communicated fine for day-to-day tasks but bigger updates sometimes came late. Information usually reached me eventually, just not always as fast as I would have liked.",Neutral,Communication,2,Finance,3,No
INT0137,"All things considered, the training was standard, nothing outstanding but nothing missing either. The training covered the basics adequately, though it felt a bit generic. Others might have had a different experience though.",Neutral,Training,1,Artificial Intelligence,2,Maybe
INT0138,"Looking back, I got a general sense of the industry, though not much specific career guidance. Just my two cents.",Neutral,Career Development,4,Artificial Intelligence,4,Maybe
INT0139,"To be fair, I expected to pick up new technical skills, but the tasks never really required them. Most of what I did was so repetitive that there wasn't much room to actually learn anything new.",Negative,Learning,3,Data Science,1,No
INT0140,"In my experience, there were learning opportunities here and there, but nothing that felt especially deep. I wanted to share this feedback for future improvement.",Neutral,Learning,6,Data Science,3,Yes
INT0141,"From my perspective, there was no real effort to help interns think about next steps or career planning.",Negative,Career Development,1,Human Resources,2,No
INT0142,"For the most part, I often felt like an outsider since most conversations happened without including interns. I barely got to interact with the wider team beyond my direct supervisor. Also, I got a general sense of the industry, though not much specific career guidance. Others might have had a different experience though.",Negative,Team Environment,2,Marketing,2,No
INT0143,"The learning curve was gentle, maybe too gentle for someone who wanted more of a challenge. I learned a few new things, but a lot of it was stuff I already knew from school. That said, everyone's experience can vary.",Neutral,Learning,4,Human Resources,3,Maybe
INT0144,"During my time here, I learned to use version control properly for the first time, and it's already paying off.",Positive,Learning,1,Machine Learning,5,Yes
INT0145,"So far, I felt comfortable asking silly questions because nobody made me feel judged for it. On top of that, I learned a few new things, but a lot of it was stuff I already knew from school.",Positive,Team Environment,6,Web Development,4,Yes
INT0146,"In my experience, the assignments were straightforward and predictable for the most part and some days had engaging projects, others were mostly just formatting spreadsheets. Just my two cents.",Neutral,Tasks,2,Finance,3,Yes
INT0147,"My mentor pushed me to think through problems myself instead of just giving answers. That said, I got genuinely useful advice on my resume and how to prepare for future interviews.",Positive,Mentorship,5,Data Science,3,Yes
INT0148,"Throughout the program, having someone senior review my work and explain their thinking made a huge difference. I wanted to share this feedback for future improvement.",Positive,Mentorship,6,Marketing,3,Yes
INT0149,"For the most part, I'd call this internship a genuinely valuable experience that shaped how I think about work. On top of that, updates about project changes always reached me quickly, so I rarely felt out of the loop. I wanted to share this feedback for future improvement.",Positive,Overall Experience,5,Data Science,4,Yes
INT0150,"I was rarely given tasks that felt connected to any bigger project or goal. Meanwhile, career advice came up occasionally in conversations but wasn't a structured part of the program. That's just my honest take.",Negative,Tasks,6,Machine Learning,1,No
INT0151,"To be fair, the one-on-one sessions with my mentor were probably the most valuable part of the internship.",Positive,Mentorship,3,Machine Learning,5,Maybe
INT0152,"To be fair, our stand-up meetings were short but genuinely useful for staying aligned with the team. Hopefully this helps improve the program.",Positive,Communication,1,Web Development,5,Yes
INT0153,The team communicated fine for day-to-day tasks but bigger updates sometimes came late. Just my two cents.,Neutral,Communication,5,Machine Learning,3,Maybe
INT0154,"Communication was decent overall, though sometimes emails took a day or two to get answered. We had regular meetings, but a lot of the important details still got lost between teams.",Neutral,Communication,1,Software Development,2,Maybe
INT0155,"Throughout the program, I picked up skills here that I doubt I would have learned this fast in a classroom.",Positive,Learning,3,Software Development,4,Yes
INT0156,"By the end of the internship, the pace was reasonable and left room for me to ask questions without falling behind. Also, I was assigned a mentor but our interactions were mostly limited to quick status updates.",Positive,Workload,4,Web Development,5,Yes
INT0157,"So far, I frequently had no idea what was happening with the project until it was almost too late. Instructions for tasks were often vague, so I ended up redoing work more than once. That said, everyone's experience can vary.",Negative,Communication,6,Software Development,2,No
INT0158,"In my experience, career advice came up occasionally in conversations but wasn't a structured part of the program.",Neutral,Career Development,1,Marketing,2,Maybe
INT0159,"By the end of the internship, my mentor was available when needed but we didn't have a very structured relationship. That's just my honest take.",Neutral,Mentorship,1,Software Development,3,Yes
INT0160,There was no real effort to help interns think about next steps or career planning.,Negative,Career Development,2,Business Development,1,No
INT0161,"By the end of the internship, there was no real effort to help interns think about next steps or career planning. Nobody really discussed growth opportunities or what a future role here might look like.",Negative,Career Development,1,Marketing,2,Maybe
INT0162,"By the end of the internship, deadlines were frequently unrealistic given how much other work was already on my plate. Others might have had a different experience though.",Negative,Workload,3,Finance,1,Maybe
INT0163,"Throughout the program, the assignments were challenging without being overwhelming, which kept me engaged. Additionally, the team communicated fine for day-to-day tasks but bigger updates sometimes came late.",Positive,Tasks,5,Human Resources,5,Yes
INT0164,Deadlines were frequently unrealistic given how much other work was already on my plate.,Negative,Workload,6,Web Development,2,No
INT0165,"Mentorship existed on paper but in practice it depended a lot on how busy people were. Meanwhile, it was manageable most of the time, though a couple of deadlines felt a bit tight. That's just my honest take.",Neutral,Mentorship,3,Machine Learning,2,Maybe
INT0166,"Nobody really discussed growth opportunities or what a future role here might look like. There was no real effort to help interns think about next steps or career planning. Also, important updates about deadlines sometimes reached me only after they had already passed.",Negative,Career Development,2,Machine Learning,1,No
INT0167,"I never had to chase people for information, everything was communicated clearly upfront. Our stand-up meetings were short but genuinely useful for staying aligned with the team.",Positive,Communication,2,Finance,5,Yes
INT0168,The onboarding sessions covered exactly what I needed to get started without wasting time.,Positive,Training,5,Marketing,5,Yes
INT0169,"From my perspective, I could always reach out to my team lead when I got stuck, and they never made me feel dumb for asking. Additionally, the pace was reasonable and left room for me to ask questions without falling behind.",Positive,Mentorship,1,Software Development,5,Yes
INT0170,"In my experience, the office felt disorganized, with unclear seating and outdated equipment for interns. Meanwhile, the team was polite but mostly kept to themselves, so bonding took a while. Hopefully this helps improve the program.",Negative,Work Environment,1,Marketing,2,No
INT0171,"For the most part, I liked that the company trusted interns enough to work flexible hours when needed. I wanted to share this feedback for future improvement.",Positive,Work Environment,3,Machine Learning,3,Yes
INT0172,"All things considered, my mentor was available when needed but we didn't have a very structured relationship. Hopefully this helps improve the program.",Neutral,Mentorship,3,Software Development,4,Yes
INT0173,"Looking back, I'd call this internship a genuinely valuable experience that shaped how I think about work.",Positive,Overall Experience,2,Human Resources,5,Yes
INT0174,"Honestly, I finished the internship feeling like I didn't get much value out of the time I put in. That said, everyone's experience can vary.",Negative,Overall Experience,2,Finance,2,Maybe
INT0175,"For the most part, my mentor always made time to answer questions, even when things got busy. Also, it was manageable most of the time, though a couple of deadlines felt a bit tight. That said, everyone's experience can vary.",Positive,Mentorship,2,Machine Learning,4,Yes
INT0176,"If I'm being honest, the training covered the basics adequately, though it felt a bit generic. Also, I picked up some practical skills, though the internship leaned more toward repetition than discovery. I wanted to share this feedback for future improvement.",Neutral,Training,5,Data Science,3,Maybe
INT0177,"Looking back, the exposure to real datasets taught me more about data cleaning than any course did. Getting to see how decisions are made in real projects taught me more than any lecture. Hopefully this helps improve the program.",Positive,Learning,5,Human Resources,4,Yes
INT0178,"So far, I picked up some practical skills, though the internship leaned more toward repetition than discovery.",Neutral,Learning,2,Artificial Intelligence,4,No
INT0179,"In my experience, the team was polite but mostly kept to themselves, so bonding took a while and the environment was fine, not particularly close-knit but not unfriendly either. That said, everyone's experience can vary.",Neutral,Team Environment,4,Machine Learning,3,Yes
INT0180,The training materials were well organized and easy to follow even for a beginner. Others might have had a different experience though.,Positive,Training,4,Artificial Intelligence,4,Yes
INT0181,There was a real disconnect between what one manager said and what another expected.,Negative,Communication,4,Finance,2,No
INT0182,"By the end of the internship, I barely got to interact with the wider team beyond my direct supervisor.",Negative,Team Environment,4,Software Development,1,Maybe
INT0183,"Looking back, my mentor was available when needed but we didn't have a very structured relationship. That said, the learning curve was gentle, maybe too gentle for someone who wanted more of a challenge.",Neutral,Mentorship,5,Data Science,3,No
INT0184,"Looking back, this internship gave me a much clearer picture of what career path I actually want to pursue. I got genuinely useful advice on my resume and how to prepare for future interviews. That said, everyone's experience can vary.",Positive,Career Development,2,Artificial Intelligence,4,Yes
INT0185,"To be fair, the tasks assigned to me didn't match the job description at all. That's just my honest take.",Negative,Tasks,3,Software Development,1,No
INT0186,"All things considered, the work environment was ordinary, similar to what I expected from an office internship. Meanwhile, mentorship existed on paper but in practice it depended a lot on how busy people were.",Neutral,Work Environment,1,Artificial Intelligence,3,Maybe
INT0187,"Instructions for tasks were often vague, so I ended up redoing work more than once. Additionally, nobody really discussed growth opportunities or what a future role here might look like. Hopefully this helps improve the program.",Negative,Communication,4,Machine Learning,1,No
INT0188,"I learned a few new things, but a lot of it was stuff I already knew from school. Meanwhile, nothing stood out about the environment, it was just a typical corporate setup.",Neutral,Learning,6,Data Science,2,Maybe
INT0189,"All things considered, the setup was fine, standard desks and standard hours, nothing remarkable either way. That said, I was assigned a mentor but our interactions were mostly limited to quick status updates. That said, everyone's experience can vary.",Neutral,Work Environment,2,Finance,3,Maybe
INT0190,"Honestly, I went weeks without hearing from my mentor, which made it hard to know if I was on track. The lack of guidance meant I spent a lot of time unsure whether my work was even useful.",Negative,Mentorship,4,Machine Learning,3,Maybe
INT0191,"Honestly, I was rarely given tasks that felt connected to any bigger project or goal. On top of that, I frequently had no idea what was happening with the project until it was almost too late. That said, everyone's experience can vary.",Negative,Tasks,3,Human Resources,3,No
INT0192,"For the most part, the team communicated fine for day-to-day tasks but bigger updates sometimes came late. That's just my honest take.",Neutral,Communication,5,Finance,4,Yes
INT0193,"Overall, I finished the internship feeling like I didn't get much value out of the time I put in. Looking back, I wouldn't say this was a particularly rewarding experience. Also, I learned a few new things, but a lot of it was stuff I already knew from school. That's just my honest take.",Negative,Overall Experience,3,Marketing,1,No
INT0194,"Looking back, I wouldn't say this was a particularly rewarding experience. Overall this internship fell short of what I was expecting when I accepted the offer. That said, the environment was fine, not particularly close-knit but not unfriendly either. I wanted to share this feedback for future improvement.",Negative,Overall Experience,3,Software Development,1,No
INT0195,"In my experience, the workload fluctuated a lot, some weeks were packed and others were almost too quiet. Also, onboarding was okay, some sessions were useful and others felt like they could've been an email.",Neutral,Workload,3,Finance,3,Maybe
INT0196,"If I'm being honest, the environment was fine, not particularly close-knit but not unfriendly either. The team was polite but mostly kept to themselves, so bonding took a while. That said, the assignments were straightforward and predictable for the most part.",Neutral,Team Environment,2,Data Science,3,Maybe
INT0197,"From my perspective, I came in hoping to learn a specific tool, but never actually got the chance to use it. I didn't feel like I learned much beyond what I already knew coming in. Also, the workload picked up so much toward the end that I had to work late several nights.",Negative,Learning,6,Software Development,1,No
INT0198,"Resources like laptops and software licenses took weeks to sort out, which was frustrating.",Negative,Work Environment,3,Finance,2,Maybe
INT0199,"So far, career advice came up occasionally in conversations but wasn't a structured part of the program and there wasn't a dedicated career development component, but I picked up a few useful tips along the way. Also, workload was about average, nothing that felt unreasonable but not exactly relaxed either.",Neutral,Career Development,2,Software Development,4,Maybe
INT0200,I kept doing the same small task over and over with little variation for weeks. Just my two cents.,Negative,Tasks,2,Machine Learning,2,Yes
INT0201,"To be fair, the pace was reasonable and left room for me to ask questions without falling behind. There were busy weeks, but overall the workload felt fair given my experience level. I wanted to share this feedback for future improvement.",Positive,Workload,3,Finance,4,Yes
INT0202,"So far, nothing stood out about the environment, it was just a typical corporate setup. The work environment was ordinary, similar to what I expected from an office internship. Meanwhile, the training was standard, nothing outstanding but nothing missing either. That's just my honest take.",Neutral,Work Environment,4,Data Science,3,Maybe
INT0203,"So far, onboarding was okay, some sessions were useful and others felt like they could've been an email.",Neutral,Training,2,Business Development,3,No
INT0204,"To be fair, I finished the internship feeling like I didn't get much value out of the time I put in. Additionally, the internship offered very little in terms of skill development, mostly just data entry-type work. I wanted to share this feedback for future improvement.",Negative,Overall Experience,4,Marketing,2,No
INT0205,"In my experience, I'd call this internship a genuinely valuable experience that shaped how I think about work. Hopefully this helps improve the program.",Positive,Overall Experience,6,Finance,5,Yes
INT0206,"Looking back, the office felt disorganized, with unclear seating and outdated equipment for interns. That's just my honest take.",Negative,Work Environment,1,Finance,1,Maybe
INT0207,"The setup was fine, standard desks and standard hours, nothing remarkable either way.",Neutral,Work Environment,3,Software Development,3,Maybe
INT0208,"From my perspective, I appreciated that training wasn't rushed, we actually had time to practice before doing real work.",Positive,Training,4,Artificial Intelligence,5,Yes
INT0209,"Overall, it was a fairly average internship, neither a highlight nor a disappointment. I wanted to share this feedback for future improvement.",Neutral,Overall Experience,5,Web Development,3,No
INT0210,"Most of what I did was so repetitive that there wasn't much room to actually learn anything new. On top of that, the setup was fine, standard desks and standard hours, nothing remarkable either way. Just my two cents.",Negative,Learning,3,Machine Learning,1,Maybe
INT0211,"Looking back, I got a general sense of the industry, though not much specific career guidance. That said, everyone's experience can vary.",Neutral,Career Development,2,Finance,3,Maybe
INT0212,"All things considered, the internship offered very little in terms of skill development, mostly just data entry-type work and I came in hoping to learn a specific tool, but never actually got the chance to use it. I wanted to share this feedback for future improvement.",Negative,Learning,5,Software Development,2,No
INT0213,"In my experience, the training materials were well organized and easy to follow even for a beginner. The onboarding sessions covered exactly what I needed to get started without wasting time.",Positive,Training,3,Web Development,4,Yes
INT0214,"For the most part, overall this internship fell short of what I was expecting when I accepted the offer. That said, I mostly had to figure things out on my own since nobody had time to explain anything. I wanted to share this feedback for future improvement.",Negative,Overall Experience,6,Machine Learning,1,No
INT0215,"By the end of the internship, there was almost no formal training, I was expected to already know things I'd never used.",Negative,Training,2,Software Development,2,Maybe
INT0216,"I was assigned a mentor but our interactions were mostly limited to quick status updates. I got occasional guidance from senior staff, though it wasn't consistent week to week. Meanwhile, information usually reached me eventually, just not always as fast as I would have liked. That said, everyone's experience can vary.",Neutral,Mentorship,6,Data Science,3,Yes
INT0217,"To be fair, I frequently had no idea what was happening with the project until it was almost too late. Just my two cents.",Negative,Communication,6,Machine Learning,1,No
INT0218,"To be fair, I could always reach out to my team lead when I got stuck, and they never made me feel dumb for asking. That said, everyone's experience can vary.",Positive,Mentorship,5,Machine Learning,4,Maybe
INT0219,"To be fair, the overall environment felt professional but not stiff, which suited me well. The office had a comfortable, low-pressure atmosphere that made it easy to concentrate. On top of that, I never had to chase people for information, everything was communicated clearly upfront. Hopefully this helps improve the program.",Positive,Work Environment,3,Marketing,4,Yes
INT0220,"All things considered, the exposure to real industry work will definitely help me stand out when I apply for jobs. Also, my mentor was available when needed but we didn't have a very structured relationship.",Positive,Career Development,1,Business Development,3,Yes
INT0221,"So far, I never felt overwhelmed, and when things did get busy, my manager adjusted deadlines accordingly and there were busy weeks, but overall the workload felt fair given my experience level. That's just my honest take.",Positive,Workload,1,Machine Learning,5,Maybe
INT0222,"Overall, the training materials were outdated and didn't match the tools we actually used day to day and there was almost no formal training, I was expected to already know things I'd never used.",Negative,Training,2,Machine Learning,1,No
INT0223,"From my perspective, looking back, I'm glad I chose this internship over the other offers I had. That said, onboarding was okay, some sessions were useful and others felt like they could've been an email. That's just my honest take.",Positive,Overall Experience,4,Finance,5,Yes
INT0224,"The learning curve was gentle, maybe too gentle for someone who wanted more of a challenge.",Neutral,Learning,1,Marketing,4,Maybe
INT0225,"If I'm being honest, I'd call this internship a genuinely valuable experience that shaped how I think about work and overall this internship exceeded what I expected going in and I'd recommend it to a friend. That said, everyone's experience can vary.",Positive,Overall Experience,6,Machine Learning,4,Yes
INT0226,"In my experience, the team felt fragmented, with different people rarely talking to each other. Meanwhile, the training was standard, nothing outstanding but nothing missing either. Others might have had a different experience though.",Negative,Team Environment,5,Business Development,2,No
INT0227,"I often felt like an outsider since most conversations happened without including interns. I barely got to interact with the wider team beyond my direct supervisor. Meanwhile, career advice came up occasionally in conversations but wasn't a structured part of the program.",Negative,Team Environment,2,Business Development,2,No
INT0228,"In my experience, there were learning opportunities here and there, but nothing that felt especially deep. Meanwhile, the team was polite but mostly kept to themselves, so bonding took a while. Hopefully this helps improve the program.",Neutral,Learning,6,Marketing,3,Yes
INT0229,"All things considered, career advice came up occasionally in conversations but wasn't a structured part of the program. Just my two cents.",Neutral,Career Development,3,Data Science,4,Maybe
INT0230,"Some weeks I got great input from my supervisor, other weeks I barely heard from them.",Neutral,Mentorship,5,Web Development,4,Maybe
INT0231,"In my experience, seeing how the full-time employees approached their work helped me set realistic career goals. Just my two cents.",Positive,Career Development,3,Business Development,5,Yes
INT0232,"If I'm being honest, onboarding was okay, some sessions were useful and others felt like they could've been an email and the training covered the basics adequately, though it felt a bit generic. Additionally, I worked on a reasonable variety of tasks, though none of them felt particularly high-impact.",Neutral,Training,2,Finance,2,Maybe
INT0233,"During my time here, there was noticeable tension between some team members that made meetings uncomfortable.",Negative,Team Environment,4,Software Development,2,No
INT0234,"Honestly, onboarding was okay, some sessions were useful and others felt like they could've been an email. That said, the team communicated fine for day-to-day tasks but bigger updates sometimes came late. Just my two cents.",Neutral,Training,1,Business Development,3,Maybe
INT0235,"Looking back, I barely got to interact with the wider team beyond my direct supervisor and there was noticeable tension between some team members that made meetings uncomfortable. That said, everyone's experience can vary.",Negative,Team Environment,2,Data Science,1,No
INT0236,"In my experience, onboarding was okay, some sessions were useful and others felt like they could've been an email and the training was standard, nothing outstanding but nothing missing either. That's just my honest take.",Neutral,Training,3,Web Development,3,Yes
INT0237,"For the most part, the environment was fine, not particularly close-knit but not unfriendly either. Coworkers were nice enough, though most interactions stayed strictly work related. Hopefully this helps improve the program.",Neutral,Team Environment,2,Software Development,3,Maybe
INT0238,"Looking back, there was almost no formal training, I was expected to already know things I'd never used. The training materials were outdated and didn't match the tools we actually used day to day. Hopefully this helps improve the program.",Negative,Training,6,Human Resources,2,No
INT0239,"Throughout the program, the overall environment felt professional but not stiff, which suited me well. Hopefully this helps improve the program.",Positive,Work Environment,3,Marketing,5,Yes
INT0240,"To be fair, I got occasional guidance from senior staff, though it wasn't consistent week to week. Additionally, we had regular meetings, but a lot of the important details still got lost between teams.",Neutral,Mentorship,1,Web Development,3,Maybe
INT0241,"In my experience, the onboarding sessions covered exactly what I needed to get started without wasting time. Hopefully this helps improve the program.",Positive,Training,4,Software Development,5,Yes
INT0242,"By the end of the internship, workload was about average, nothing that felt unreasonable but not exactly relaxed either. The workload fluctuated a lot, some weeks were packed and others were almost too quiet. I wanted to share this feedback for future improvement.",Neutral,Workload,6,Human Resources,4,Yes
INT0243,"From my perspective, workload was about average, nothing that felt unreasonable but not exactly relaxed either.",Neutral,Workload,6,Human Resources,3,Maybe
INT0244,"So far, my overall take is mixed, there were things I liked and things that could be better. Just my two cents.",Neutral,Overall Experience,2,Data Science,2,Yes
INT0245,"To be fair, nothing stood out about the environment, it was just a typical corporate setup. On top of that, the workload fluctuated a lot, some weeks were packed and others were almost too quiet.",Neutral,Work Environment,3,Finance,3,Yes
INT0246,"For the most part, I came in hoping to learn a specific tool, but never actually got the chance to use it. Also, the training materials were outdated and didn't match the tools we actually used day to day. Hopefully this helps improve the program.",Negative,Learning,2,Machine Learning,2,No
INT0247,"For the most part, there were learning opportunities here and there, but nothing that felt especially deep. Additionally, workload was about average, nothing that felt unreasonable but not exactly relaxed either. Others might have had a different experience though.",Neutral,Learning,3,Software Development,4,Maybe
INT0248,"In my experience, career advice came up occasionally in conversations but wasn't a structured part of the program. I got a general sense of the industry, though not much specific career guidance. Meanwhile, the training was standard, nothing outstanding but nothing missing either.",Neutral,Career Development,3,Marketing,4,No
INT0249,"From my perspective, the team culture was relaxed but still focused, which made coming to work genuinely enjoyable. Meanwhile, I'd call this internship a genuinely valuable experience that shaped how I think about work. Just my two cents.",Positive,Team Environment,1,Web Development,5,Yes
INT0250,"During my time here, the office had a comfortable, low-pressure atmosphere that made it easy to concentrate. Also, looking back, I'm glad I chose this internship over the other offers I had.",Positive,Work Environment,6,Marketing,5,Yes
INT0251,"Looking back, the team was polite but mostly kept to themselves, so bonding took a while. The environment was fine, not particularly close-knit but not unfriendly either. Also, the training covered the basics adequately, though it felt a bit generic. That's just my honest take.",Neutral,Team Environment,5,Software Development,4,Maybe
INT0252,"There wasn't a dedicated career development component, but I picked up a few useful tips along the way and career advice came up occasionally in conversations but wasn't a structured part of the program. Also, the environment was fine, not particularly close-knit but not unfriendly either. That said, everyone's experience can vary.",Neutral,Career Development,1,Human Resources,4,Yes
INT0253,"From my perspective, I was often given more tasks than I could realistically finish within normal hours and the workload picked up so much toward the end that I had to work late several nights. I wanted to share this feedback for future improvement.",Negative,Workload,6,Artificial Intelligence,2,No
INT0254,"Honestly, the exposure to real datasets taught me more about data cleaning than any course did and I learned to use version control properly for the first time, and it's already paying off. Also, tasks were varied enough that I never felt bored during the day.",Positive,Learning,5,Marketing,5,Maybe
INT0255,"To be fair, deadlines were frequently unrealistic given how much other work was already on my plate. On top of that, overall it was an okay experience, some good parts and some parts I'd change.",Negative,Workload,1,Machine Learning,2,No
INT0256,"So far, the one-on-one sessions with my mentor were probably the most valuable part of the internship and my mentor pushed me to think through problems myself instead of just giving answers.",Positive,Mentorship,2,Finance,5,Yes
INT0257,"During my time here, the work I did often felt like busywork rather than anything that mattered to the team. Others might have had a different experience though.",Negative,Tasks,4,Finance,1,No
INT0258,"For the most part, my overall take is mixed, there were things I liked and things that could be better. I wanted to share this feedback for future improvement.",Neutral,Overall Experience,2,Artificial Intelligence,3,Maybe
INT0259,"If I'm being honest, there was noticeable tension between some team members that made meetings uncomfortable. That said, I sat through hours of generic training videos that had nothing to do with my actual role. That's just my honest take.",Negative,Team Environment,4,Business Development,1,No
INT0260,"During my time here, updates about project changes always reached me quickly, so I rarely felt out of the loop. That's just my honest take.",Positive,Communication,6,Data Science,5,Maybe
INT0261,"During my time here, the office felt disorganized, with unclear seating and outdated equipment for interns. There was a lot of pressure in the air that made the environment feel stressful most days.",Negative,Work Environment,5,Business Development,2,No
INT0262,"So far, the training materials were well organized and easy to follow even for a beginner.",Positive,Training,4,Business Development,5,Yes
INT0263,"Looking back, the setup was fine, standard desks and standard hours, nothing remarkable either way. That said, the learning curve was gentle, maybe too gentle for someone who wanted more of a challenge.",Neutral,Work Environment,5,Machine Learning,3,Maybe
INT0264,"In my experience, the training covered the basics adequately, though it felt a bit generic.",Neutral,Training,3,Human Resources,3,Maybe
INT0265,"From my perspective, I liked that the company trusted interns enough to work flexible hours when needed.",Positive,Work Environment,1,Human Resources,4,Maybe
INT0266,"Looking back, the pace was reasonable and left room for me to ask questions without falling behind. There were busy weeks, but overall the workload felt fair given my experience level. I wanted to share this feedback for future improvement.",Positive,Workload,3,Data Science,5,Yes
INT0267,"If I'm being honest, the assignments were straightforward and predictable for the most part. Some days had engaging projects, others were mostly just formatting spreadsheets. Just my two cents.",Neutral,Tasks,5,Artificial Intelligence,3,Yes
INT0268,"To be fair, I learned a few new things, but a lot of it was stuff I already knew from school.",Neutral,Learning,2,Machine Learning,2,Maybe
INT0269,"Overall, important updates about deadlines sometimes reached me only after they had already passed. I frequently had no idea what was happening with the project until it was almost too late. Just my two cents.",Negative,Communication,4,Software Development,2,No
INT0270,"Honestly, the team was polite but mostly kept to themselves, so bonding took a while. Meanwhile, I learned a few new things, but a lot of it was stuff I already knew from school.",Neutral,Team Environment,2,Web Development,4,Maybe
INT0271,"So far, the environment was fine, not particularly close-knit but not unfriendly either and the team was polite but mostly kept to themselves, so bonding took a while.",Neutral,Team Environment,5,Finance,4,Yes
INT0272,"Looking back, my coworkers were always willing to jump on a call and help troubleshoot with me. The team culture was relaxed but still focused, which made coming to work genuinely enjoyable. That said, everyone's experience can vary.",Positive,Team Environment,3,Machine Learning,5,Yes
INT0273,"Throughout the program, nobody really discussed growth opportunities or what a future role here might look like. There was no real effort to help interns think about next steps or career planning. On top of that, the team was polite but mostly kept to themselves, so bonding took a while.",Negative,Career Development,2,Finance,3,No
INT0274,"Honestly, the work environment was ordinary, similar to what I expected from an office internship. The setup was fine, standard desks and standard hours, nothing remarkable either way. That said, everyone's experience can vary.",Neutral,Work Environment,1,Marketing,3,Maybe
INT0275,"All things considered, I could always reach out to my team lead when I got stuck, and they never made me feel dumb for asking and I had a mentor who genuinely cared about my growth and checked in regularly. I wanted to share this feedback for future improvement.",Positive,Mentorship,6,Data Science,4,Yes
INT0276,"Throughout the program, I worked on a reasonable variety of tasks, though none of them felt particularly high-impact. That's just my honest take.",Neutral,Tasks,2,Artificial Intelligence,3,Maybe
INT0277,"During my time here, overall it was an okay experience, some good parts and some parts I'd change and my overall take is mixed, there were things I liked and things that could be better. Others might have had a different experience though.",Neutral,Overall Experience,1,Machine Learning,3,Maybe
INT0278,"To be fair, there were busy weeks, but overall the workload felt fair given my experience level. The pace was reasonable and left room for me to ask questions without falling behind. I wanted to share this feedback for future improvement.",Positive,Workload,4,Business Development,5,Yes
INT0279,"If I'm being honest, the workshops during the first week gave me a solid foundation for the rest of the internship. The training materials were well organized and easy to follow even for a beginner. I wanted to share this feedback for future improvement.",Positive,Training,6,Data Science,5,Yes
INT0280,"For the most part, the learning curve was gentle, maybe too gentle for someone who wanted more of a challenge. Hopefully this helps improve the program.",Neutral,Learning,5,Artificial Intelligence,2,No
INT0281,"Throughout the program, my assigned mentor was too busy with their own work to actually guide me.",Negative,Mentorship,1,Web Development,1,Maybe
INT0282,"So far, I could always reach out to my team lead when I got stuck, and they never made me feel dumb for asking and my manager took the time to explain the reasoning behind decisions rather than just handing out tasks. That said, everyone's experience can vary.",Positive,Mentorship,2,Finance,4,Yes
INT0283,"Looking back, the work environment was ordinary, similar to what I expected from an office internship. Meanwhile, overall it was an okay experience, some good parts and some parts I'd change.",Neutral,Work Environment,3,Software Development,3,No
INT0284,"By the end of the internship, the team communicated fine for day-to-day tasks but bigger updates sometimes came late. I wanted to share this feedback for future improvement.",Neutral,Communication,5,Software Development,3,Maybe
INT0285,"To be fair, Slack messages got answered most of the time, though not always the same day. Additionally, it was a fairly average internship, neither a highlight nor a disappointment.",Neutral,Communication,5,Software Development,3,Maybe
INT0286,"Overall, I got occasional guidance from senior staff, though it wasn't consistent week to week. Hopefully this helps improve the program.",Neutral,Mentorship,1,Business Development,3,No
INT0287,"To be fair, the overall environment felt professional but not stiff, which suited me well. Just my two cents.",Positive,Work Environment,4,Finance,5,Yes
INT0288,"To be fair, there wasn't a dedicated career development component, but I picked up a few useful tips along the way and I got a general sense of the industry, though not much specific career guidance.",Neutral,Career Development,2,Software Development,4,Maybe
INT0289,"In my experience, the onboarding was so rushed that I still had questions about basic tools weeks later and the training materials were outdated and didn't match the tools we actually used day to day. That's just my honest take.",Negative,Training,6,Human Resources,1,No
INT0290,"All things considered, seeing how the full-time employees approached their work helped me set realistic career goals. On top of that, workload was about average, nothing that felt unreasonable but not exactly relaxed either.",Positive,Career Development,2,Software Development,5,Yes
INT0291,"Overall, the tasks assigned to me didn't match the job description at all.",Negative,Tasks,1,Finance,2,No
INT0292,"For the most part, I liked that the company trusted interns enough to work flexible hours when needed. Just my two cents.",Positive,Work Environment,5,Web Development,4,No
INT0293,"I liked that the company trusted interns enough to work flexible hours when needed. That said, there were learning opportunities here and there, but nothing that felt especially deep. Hopefully this helps improve the program.",Positive,Work Environment,3,Marketing,5,Yes
INT0294,"For the most part, career advice came up occasionally in conversations but wasn't a structured part of the program.",Neutral,Career Development,1,Software Development,3,Yes
INT0295,"In my experience, I appreciated that training wasn't rushed, we actually had time to practice before doing real work and the onboarding sessions covered exactly what I needed to get started without wasting time. That's just my honest take.",Positive,Training,5,Human Resources,4,Yes
INT0296,"By the end of the internship, tasks were varied enough that I never felt bored during the day. That's just my honest take.",Positive,Tasks,4,Machine Learning,5,Maybe
INT0297,"Throughout the program, the work I did often felt like busywork rather than anything that mattered to the team. I wanted to share this feedback for future improvement.",Negative,Tasks,2,Machine Learning,2,No
INT0298,"Honestly, there was no real effort to help interns think about next steps or career planning. Hopefully this helps improve the program.",Negative,Career Development,5,Human Resources,2,Maybe
INT0299,"Overall, the office had a comfortable, low-pressure atmosphere that made it easy to concentrate. I liked that the company trusted interns enough to work flexible hours when needed. That said, I picked up some practical skills, though the internship leaned more toward repetition than discovery. Just my two cents.",Positive,Work Environment,3,Human Resources,4,Yes
INT0300,"If I'm being honest, I was often given more tasks than I could realistically finish within normal hours. That said, everyone's experience can vary.",Negative,Workload,2,Business Development,1,No
INT0301,"From my perspective, I sat through hours of generic training videos that had nothing to do with my actual role.",Negative,Training,4,Web Development,2,No
INT0302,"By the end of the internship, I expected to pick up new technical skills, but the tasks never really required them and the internship offered very little in terms of skill development, mostly just data entry-type work.",Negative,Learning,3,Software Development,1,No
INT0303,"From my perspective, workload was about average, nothing that felt unreasonable but not exactly relaxed either and it was manageable most of the time, though a couple of deadlines felt a bit tight. Meanwhile, nothing stood out about the environment, it was just a typical corporate setup. I wanted to share this feedback for future improvement.",Neutral,Workload,1,Machine Learning,3,Maybe
INT0304,"Overall, we had regular meetings, but a lot of the important details still got lost between teams.",Neutral,Communication,4,Business Development,2,Maybe
INT0305,"In my experience, the work environment was ordinary, similar to what I expected from an office internship. Additionally, there were learning opportunities here and there, but nothing that felt especially deep.",Neutral,Work Environment,6,Web Development,3,Yes
INT0306,"From my perspective, the office felt disorganized, with unclear seating and outdated equipment for interns. That said, the training materials were outdated and didn't match the tools we actually used day to day. Hopefully this helps improve the program.",Negative,Work Environment,3,Business Development,1,No
INT0307,"Throughout the program, resources like laptops and software licenses took weeks to sort out, which was frustrating. Hopefully this helps improve the program.",Negative,Work Environment,6,Business Development,1,Maybe
INT0308,"If I'm being honest, the office felt disorganized, with unclear seating and outdated equipment for interns. I wanted to share this feedback for future improvement.",Negative,Work Environment,3,Machine Learning,1,Yes
INT0309,I walked away with a much better understanding of how production systems actually work. Just my two cents.,Positive,Learning,4,Web Development,3,Yes
INT0310,"During my time here, the workload picked up so much toward the end that I had to work late several nights. I was often given more tasks than I could realistically finish within normal hours. I wanted to share this feedback for future improvement.",Negative,Workload,4,Marketing,1,No
INT0311,"To be fair, my coworkers were always willing to jump on a call and help troubleshoot with me. Additionally, seeing how the full-time employees approached their work helped me set realistic career goals. I wanted to share this feedback for future improvement.",Positive,Team Environment,2,Data Science,4,Yes
INT0312,"All things considered, there wasn't a dedicated career development component, but I picked up a few useful tips along the way and career advice came up occasionally in conversations but wasn't a structured part of the program.",Neutral,Career Development,2,Artificial Intelligence,4,Yes
INT0313,"Honestly, there was a real disconnect between what one manager said and what another expected. Also, the office felt disorganized, with unclear seating and outdated equipment for interns.",Negative,Communication,4,Software Development,1,Maybe
INT0314,I left without much clarity on what skills I should focus on for my career. Others might have had a different experience though.,Negative,Career Development,1,Machine Learning,1,No
INT0315,"In my experience, whenever priorities shifted, someone made sure to explain why, which I really appreciated. Updates about project changes always reached me quickly, so I rarely felt out of the loop. Also, the onboarding sessions covered exactly what I needed to get started without wasting time. I wanted to share this feedback for future improvement.",Positive,Communication,4,Software Development,5,Yes
INT0316,"So far, I got a general sense of the industry, though not much specific career guidance and career advice came up occasionally in conversations but wasn't a structured part of the program. Others might have had a different experience though.",Neutral,Career Development,6,Artificial Intelligence,3,Maybe
INT0317,"During my time here, whenever priorities shifted, someone made sure to explain why, which I really appreciated. Others might have had a different experience though.",Positive,Communication,1,Software Development,5,Yes
INT0318,"The team felt fragmented, with different people rarely talking to each other. On top of that, I felt constantly behind because new tasks kept piling up before I finished the last ones.",Negative,Team Environment,5,Finance,2,Maybe
INT0319,"For the most part, we had regular meetings, but a lot of the important details still got lost between teams.",Neutral,Communication,1,Human Resources,3,Maybe
INT0320,"During my time here, the team communicated fine for day-to-day tasks but bigger updates sometimes came late. That said, it was a fairly average internship, neither a highlight nor a disappointment.",Neutral,Communication,6,Marketing,3,Yes
INT0321,"All things considered, the one-on-one sessions with my mentor were probably the most valuable part of the internship.",Positive,Mentorship,5,Machine Learning,5,Yes
INT0322,"If I'm being honest, I got genuinely useful advice on my resume and how to prepare for future interviews. Meanwhile, I walked away with a much better understanding of how production systems actually work. Just my two cents.",Positive,Career Development,1,Business Development,4,Yes
INT0323,"During my time here, I mostly had to figure things out on my own since nobody had time to explain anything. I went weeks without hearing from my mentor, which made it hard to know if I was on track. That said, I came in hoping to learn a specific tool, but never actually got the chance to use it. Hopefully this helps improve the program.",Negative,Mentorship,5,Machine Learning,2,Maybe
INT0324,"The training covered the basics adequately, though it felt a bit generic.",Neutral,Training,2,Machine Learning,4,Yes
INT0325,"If I'm being honest, this internship gave me a much clearer picture of what career path I actually want to pursue. Also, the team culture was relaxed but still focused, which made coming to work genuinely enjoyable.",Positive,Career Development,5,Data Science,3,Maybe
INT0326,"There wasn't a dedicated career development component, but I picked up a few useful tips along the way. Others might have had a different experience though.",Neutral,Career Development,5,Marketing,4,Maybe
INT0327,"Overall, having someone senior review my work and explain their thinking made a huge difference. The one-on-one sessions with my mentor were probably the most valuable part of the internship. On top of that, I picked up skills here that I doubt I would have learned this fast in a classroom.",Positive,Mentorship,5,Marketing,4,Yes
INT0328,"If I'm being honest, I was rarely given tasks that felt connected to any bigger project or goal. I kept doing the same small task over and over with little variation for weeks. Just my two cents.",Negative,Tasks,4,Data Science,1,Maybe
INT0329,"From my perspective, coworkers were nice enough, though most interactions stayed strictly work related. The team was polite but mostly kept to themselves, so bonding took a while. Others might have had a different experience though.",Neutral,Team Environment,5,Human Resources,4,Maybe
INT0330,"If I'm being honest, there was noticeable tension between some team members that made meetings uncomfortable and I barely got to interact with the wider team beyond my direct supervisor. Additionally, my overall take is mixed, there were things I liked and things that could be better. Just my two cents.",Negative,Team Environment,4,Artificial Intelligence,2,No
INT0331,"For the most part, I finished the internship feeling like I didn't get much value out of the time I put in. On top of that, the workload fluctuated a lot, some weeks were packed and others were almost too quiet.",Negative,Overall Experience,6,Web Development,3,No
INT0332,"In my experience, overall it was an okay experience, some good parts and some parts I'd change and my overall take is mixed, there were things I liked and things that could be better. Additionally, onboarding was okay, some sessions were useful and others felt like they could've been an email.",Neutral,Overall Experience,3,Data Science,3,Maybe
INT0333,"Overall, the tasks were fine, a mix of interesting bits and some routine administrative work. I worked on a reasonable variety of tasks, though none of them felt particularly high-impact. Meanwhile, the setup was fine, standard desks and standard hours, nothing remarkable either way. That said, everyone's experience can vary.",Neutral,Tasks,1,Marketing,2,Yes
INT0334,"Overall, the workshops during the first week gave me a solid foundation for the rest of the internship.",Positive,Training,6,Artificial Intelligence,5,Yes
INT0335,"In my experience, I was assigned a mentor but our interactions were mostly limited to quick status updates. Meanwhile, it was a fairly average internship, neither a highlight nor a disappointment.",Neutral,Mentorship,1,Marketing,4,Maybe
INT0336,"By the end of the internship, overall this internship fell short of what I was expecting when I accepted the offer and I finished the internship feeling like I didn't get much value out of the time I put in.",Negative,Overall Experience,1,Finance,2,Yes
INT0337,"Throughout the program, the team felt fragmented, with different people rarely talking to each other.",Negative,Team Environment,2,Finance,2,No
INT0338,"In my experience, I finished the internship feeling like I didn't get much value out of the time I put in.",Negative,Overall Experience,1,Web Development,2,Maybe
INT0339,"Throughout the program, overall this internship fell short of what I was expecting when I accepted the offer. Others might have had a different experience though.",Negative,Overall Experience,3,Software Development,1,No
INT0340,"From my perspective, I got occasional guidance from senior staff, though it wasn't consistent week to week. That said, everyone's experience can vary.",Neutral,Mentorship,2,Finance,2,No
INT0341,The work I did often felt like busywork rather than anything that mattered to the team. I was rarely given tasks that felt connected to any bigger project or goal.,Negative,Tasks,2,Machine Learning,3,No
INT0342,"So far, the mentorship felt fine, not particularly memorable, just standard check-ins. Just my two cents.",Neutral,Mentorship,4,Artificial Intelligence,3,Maybe
INT0343,"To be fair, the assignments were challenging without being overwhelming, which kept me engaged. Hopefully this helps improve the program.",Positive,Tasks,4,Machine Learning,5,Yes
INT0344,"To be fair, everyone on the team was friendly and made me feel included from the very first day and my coworkers were always willing to jump on a call and help troubleshoot with me. Meanwhile, workload was about average, nothing that felt unreasonable but not exactly relaxed either.",Positive,Team Environment,1,Data Science,4,Yes
INT0345,"Overall, the onboarding sessions covered exactly what I needed to get started without wasting time. Meanwhile, there wasn't a dedicated career development component, but I picked up a few useful tips along the way. Others might have had a different experience though.",Positive,Training,4,Business Development,3,Yes
INT0346,"Looking back, nobody really discussed growth opportunities or what a future role here might look like and there was no real effort to help interns think about next steps or career planning. That said, looking back, I wouldn't say this was a particularly rewarding experience.",Negative,Career Development,3,Human Resources,2,Maybe
INT0347,"By the end of the internship, the office felt disorganized, with unclear seating and outdated equipment for interns.",Negative,Work Environment,5,Web Development,1,Maybe
INT0348,"In my experience, the team was polite but mostly kept to themselves, so bonding took a while and the environment was fine, not particularly close-knit but not unfriendly either. I wanted to share this feedback for future improvement.",Neutral,Team Environment,2,Marketing,4,No
INT0349,"So far, the training was standard, nothing outstanding but nothing missing either. On top of that, the learning curve was gentle, maybe too gentle for someone who wanted more of a challenge. Hopefully this helps improve the program.",Neutral,Training,2,Marketing,4,No
INT0350,"For the most part, the learning curve was gentle, maybe too gentle for someone who wanted more of a challenge. There were learning opportunities here and there, but nothing that felt especially deep. On top of that, overall it was an okay experience, some good parts and some parts I'd change.",Neutral,Learning,3,Marketing,4,Maybe
INT0351,"In my experience, the workload fluctuated a lot, some weeks were packed and others were almost too quiet. Meanwhile, I picked up some practical skills, though the internship leaned more toward repetition than discovery. That said, everyone's experience can vary.",Neutral,Workload,2,Software Development,3,Maybe
INT0352,"All things considered, nobody really discussed growth opportunities or what a future role here might look like. Others might have had a different experience though.",Negative,Career Development,2,Marketing,2,Maybe
INT0353,Most of my days were spent on repetitive data entry that didn't require much thought. That's just my honest take.,Negative,Tasks,4,Software Development,2,No
INT0354,"From my perspective, some days had engaging projects, others were mostly just formatting spreadsheets. That said, everyone's experience can vary.",Neutral,Tasks,4,Human Resources,4,No
INT0355,"By the end of the internship, everyone on the team was friendly and made me feel included from the very first day. Others might have had a different experience though.",Positive,Team Environment,4,Business Development,5,Maybe
INT0356,"My mentor was available when needed but we didn't have a very structured relationship. Some weeks I got great input from my supervisor, other weeks I barely heard from them.",Neutral,Mentorship,4,Artificial Intelligence,3,Maybe
INT0357,"So far, mentorship existed on paper but in practice it depended a lot on how busy people were. That's just my honest take.",Neutral,Mentorship,4,Machine Learning,3,Maybe
INT0358,"From my perspective, I went weeks without hearing from my mentor, which made it hard to know if I was on track. My assigned mentor was too busy with their own work to actually guide me.",Negative,Mentorship,1,Machine Learning,2,No
INT0359,"From my perspective, there was a lot of pressure in the air that made the environment feel stressful most days.",Negative,Work Environment,2,Finance,2,No
INT0360,"Overall, most of my days were spent on repetitive data entry that didn't require much thought. Also, I didn't feel like I learned much beyond what I already knew coming in. Just my two cents.",Negative,Tasks,6,Human Resources,1,No
INT0361,"The work environment was ordinary, similar to what I expected from an office internship. Nothing stood out about the environment, it was just a typical corporate setup.",Neutral,Work Environment,5,Machine Learning,2,Yes
INT0362,"Honestly, having someone senior review my work and explain their thinking made a huge difference. Also, the office had a comfortable, low-pressure atmosphere that made it easy to concentrate.",Positive,Mentorship,1,Web Development,3,Yes
INT0363,"In my experience, this internship gave me a much clearer picture of what career path I actually want to pursue. Seeing how the full-time employees approached their work helped me set realistic career goals.",Positive,Career Development,4,Finance,4,Yes
INT0364,"To be fair, overall it was an okay experience, some good parts and some parts I'd change. That said, everyone's experience can vary.",Neutral,Overall Experience,6,Business Development,4,Yes
INT0365,"I learned a few new things, but a lot of it was stuff I already knew from school.",Neutral,Learning,1,Web Development,3,Yes
INT0366,"Looking back, we had regular meetings, but a lot of the important details still got lost between teams. Meanwhile, the training was standard, nothing outstanding but nothing missing either. Just my two cents.",Neutral,Communication,6,Human Resources,4,Yes
INT0367,The pace was reasonable and left room for me to ask questions without falling behind. I wanted to share this feedback for future improvement.,Positive,Workload,5,Data Science,4,Yes
INT0368,"During my time here, workload was about average, nothing that felt unreasonable but not exactly relaxed either.",Neutral,Workload,5,Artificial Intelligence,2,Maybe
INT0369,"So far, there was a lot of pressure in the air that made the environment feel stressful most days. I wanted to share this feedback for future improvement.",Negative,Work Environment,5,Human Resources,1,No
INT0370,"All things considered, overall it was an okay experience, some good parts and some parts I'd change. Hopefully this helps improve the program.",Neutral,Overall Experience,6,Finance,3,Yes
INT0371,"Overall, looking back, I'm glad I chose this internship over the other offers I had. That said, the tasks were fine, a mix of interesting bits and some routine administrative work.",Positive,Overall Experience,5,Marketing,4,Yes
INT0372,"So far, the work environment was ordinary, similar to what I expected from an office internship. The setup was fine, standard desks and standard hours, nothing remarkable either way. That's just my honest take.",Neutral,Work Environment,3,Web Development,3,Maybe
INT0373,"Looking back, the lack of guidance meant I spent a lot of time unsure whether my work was even useful. Also, nobody really discussed growth opportunities or what a future role here might look like.",Negative,Mentorship,3,Human Resources,3,No
INT0374,"Throughout the program, career advice came up occasionally in conversations but wasn't a structured part of the program. That said, I picked up some practical skills, though the internship leaned more toward repetition than discovery.",Neutral,Career Development,5,Web Development,3,Maybe
INT0375,"For the most part, the office felt disorganized, with unclear seating and outdated equipment for interns and resources like laptops and software licenses took weeks to sort out, which was frustrating. Others might have had a different experience though.",Negative,Work Environment,2,Web Development,2,Maybe
INT0376,"Looking back, I often felt like an outsider since most conversations happened without including interns and there was noticeable tension between some team members that made meetings uncomfortable. That said, everyone's experience can vary.",Negative,Team Environment,3,Human Resources,2,Maybe
INT0377,"So far, important updates about deadlines sometimes reached me only after they had already passed.",Negative,Communication,5,Web Development,1,No
INT0378,I had a mentor who genuinely cared about my growth and checked in regularly. Just my two cents.,Positive,Mentorship,5,Machine Learning,4,Maybe
INT0379,"During my time here, nothing stood out about the environment, it was just a typical corporate setup. On top of that, Slack messages got answered most of the time, though not always the same day.",Neutral,Work Environment,4,Marketing,3,Maybe
INT0380,"My mentor always made time to answer questions, even when things got busy. Others might have had a different experience though.",Positive,Mentorship,4,Artificial Intelligence,4,Yes
INT0381,"During my time here, deadlines were frequently unrealistic given how much other work was already on my plate. Others might have had a different experience though.",Negative,Workload,2,Software Development,1,No
INT0382,"Overall, there was no real effort to help interns think about next steps or career planning. I left without much clarity on what skills I should focus on for my career. Meanwhile, workload was about average, nothing that felt unreasonable but not exactly relaxed either.",Negative,Career Development,5,Human Resources,1,No
INT0383,"I never felt overwhelmed, and when things did get busy, my manager adjusted deadlines accordingly. The workload was manageable, which let me actually focus on doing good work instead of rushing. On top of that, everyone on the team was friendly and made me feel included from the very first day. Just my two cents.",Positive,Workload,1,Data Science,4,Yes
INT0384,"So far, I barely got to interact with the wider team beyond my direct supervisor. Others might have had a different experience though.",Negative,Team Environment,2,Business Development,1,No
INT0385,"From my perspective, there was no real effort to help interns think about next steps or career planning and nobody really discussed growth opportunities or what a future role here might look like.",Negative,Career Development,6,Finance,2,No
INT0386,"For the most part, I walked away with a much better understanding of how production systems actually work and getting to see how decisions are made in real projects taught me more than any lecture. Others might have had a different experience though.",Positive,Learning,1,Data Science,4,Yes
INT0387,"Honestly, there wasn't a dedicated career development component, but I picked up a few useful tips along the way. Hopefully this helps improve the program.",Neutral,Career Development,1,Marketing,4,Maybe
INT0388,"By the end of the internship, the onboarding was so rushed that I still had questions about basic tools weeks later and there was almost no formal training, I was expected to already know things I'd never used. That said, everyone's experience can vary.",Negative,Training,5,Software Development,2,No
INT0389,"For the most part, coworkers were nice enough, though most interactions stayed strictly work related. Meanwhile, there wasn't a dedicated career development component, but I picked up a few useful tips along the way. Hopefully this helps improve the program.",Neutral,Team Environment,6,Software Development,2,Maybe
INT0390,"From my perspective, overall this internship fell short of what I was expecting when I accepted the offer. Others might have had a different experience though.",Negative,Overall Experience,5,Data Science,2,Maybe
INT0391,"By the end of the internship, the team felt fragmented, with different people rarely talking to each other. Others might have had a different experience though.",Negative,Team Environment,4,Artificial Intelligence,1,No
INT0392,"From my perspective, overall this internship exceeded what I expected going in and I'd recommend it to a friend and looking back, I'm glad I chose this internship over the other offers I had. Hopefully this helps improve the program.",Positive,Overall Experience,5,Finance,4,Yes
INT0393,"Throughout the program, I appreciated that training wasn't rushed, we actually had time to practice before doing real work. Others might have had a different experience though.",Positive,Training,1,Artificial Intelligence,5,Yes
INT0394,I picked up skills here that I doubt I would have learned this fast in a classroom.,Positive,Learning,6,Business Development,5,Yes
INT0395,"By the end of the internship, I never felt overwhelmed, and when things did get busy, my manager adjusted deadlines accordingly. Others might have had a different experience though.",Positive,Workload,6,Marketing,4,Yes
INT0396,"Honestly, I was given real ownership over a feature, which made the work feel worthwhile. I appreciated that my work actually got used by the team instead of sitting in a drawer. That said, I'd call this internship a genuinely valuable experience that shaped how I think about work. That's just my honest take.",Positive,Tasks,6,Machine Learning,4,Yes
INT0397,"Throughout the program, the mentorship felt fine, not particularly memorable, just standard check-ins.",Neutral,Mentorship,1,Machine Learning,3,Maybe
INT0398,"From my perspective, nobody really discussed growth opportunities or what a future role here might look like and I left without much clarity on what skills I should focus on for my career. Hopefully this helps improve the program.",Negative,Career Development,4,Marketing,1,Maybe
INT0399,"In my experience, my overall take is mixed, there were things I liked and things that could be better. Hopefully this helps improve the program.",Neutral,Overall Experience,3,Marketing,4,Maybe
INT0400,"If I'm being honest, I was assigned a mentor but our interactions were mostly limited to quick status updates.",Neutral,Mentorship,5,Finance,4,Yes
INT0401,There was a lot of pressure in the air that made the environment feel stressful most days.,Negative,Work Environment,4,Data Science,2,No
INT0402,"From my perspective, looking back, I'm glad I chose this internship over the other offers I had. That said, the onboarding sessions covered exactly what I needed to get started without wasting time. Hopefully this helps improve the program.",Positive,Overall Experience,4,Human Resources,4,Maybe
INT0403,"All things considered, I never felt overwhelmed, and when things did get busy, my manager adjusted deadlines accordingly. Also, I appreciated that training wasn't rushed, we actually had time to practice before doing real work. That said, everyone's experience can vary.",Positive,Workload,2,Artificial Intelligence,5,Yes
INT0404,"Honestly, it was a fairly average internship, neither a highlight nor a disappointment. Hopefully this helps improve the program.",Neutral,Overall Experience,1,Web Development,3,Maybe
INT0405,"Looking back, the workload was manageable, which let me actually focus on doing good work instead of rushing. That said, everyone's experience can vary.",Positive,Workload,6,Machine Learning,5,Yes
INT0406,"Getting to see how decisions are made in real projects taught me more than any lecture. Additionally, the projects I worked on felt meaningful, not just busywork to fill the days.",Positive,Learning,5,Machine Learning,5,Yes
INT0407,"Looking back, I often felt like an outsider since most conversations happened without including interns.",Negative,Team Environment,5,Human Resources,1,Maybe
INT0408,"All things considered, we had regular meetings, but a lot of the important details still got lost between teams. That's just my honest take.",Neutral,Communication,4,Business Development,3,Maybe
INT0409,"For the most part, the team culture was relaxed but still focused, which made coming to work genuinely enjoyable. That said, there wasn't a dedicated career development component, but I picked up a few useful tips along the way. Hopefully this helps improve the program.",Positive,Team Environment,6,Artificial Intelligence,3,Yes
INT0410,"To be fair, the training was standard, nothing outstanding but nothing missing either. Others might have had a different experience though.",Neutral,Training,3,Web Development,4,Maybe
INT0411,"In my experience, I'd call this internship a genuinely valuable experience that shaped how I think about work. That said, everyone's experience can vary.",Positive,Overall Experience,2,Business Development,4,Yes
INT0412,"To be fair, the environment was fine, not particularly close-knit but not unfriendly either. Additionally, the setup was fine, standard desks and standard hours, nothing remarkable either way.",Neutral,Team Environment,1,Artificial Intelligence,3,Yes
INT0413,"Overall, overall this internship exceeded what I expected going in and I'd recommend it to a friend. Looking back, I'm glad I chose this internship over the other offers I had.",Positive,Overall Experience,2,Marketing,5,Maybe
INT0414,"To be fair, overall it was an okay experience, some good parts and some parts I'd change. That's just my honest take.",Neutral,Overall Experience,4,Data Science,3,No
INT0415,"For the most part, workload was about average, nothing that felt unreasonable but not exactly relaxed either. That's just my honest take.",Neutral,Workload,2,Data Science,3,Yes
INT0416,"During my time here, everyone on the team was friendly and made me feel included from the very first day. That said, the workload fluctuated a lot, some weeks were packed and others were almost too quiet. That said, everyone's experience can vary.",Positive,Team Environment,4,Machine Learning,5,Yes
INT0417,"Overall, the office had a comfortable, low-pressure atmosphere that made it easy to concentrate. Just my two cents.",Positive,Work Environment,6,Web Development,4,Yes
INT0418,"I'd call this internship a genuinely valuable experience that shaped how I think about work and looking back, I'm glad I chose this internship over the other offers I had. Also, career advice came up occasionally in conversations but wasn't a structured part of the program. I wanted to share this feedback for future improvement.",Positive,Overall Experience,6,Human Resources,5,Yes
INT0419,"There was a lot of pressure in the air that made the environment feel stressful most days and resources like laptops and software licenses took weeks to sort out, which was frustrating. Hopefully this helps improve the program.",Negative,Work Environment,4,Finance,1,No
INT0420,"I appreciated that training wasn't rushed, we actually had time to practice before doing real work. Others might have had a different experience though.",Positive,Training,5,Human Resources,3,Yes
INT0421,"By the end of the internship, I never felt overwhelmed, and when things did get busy, my manager adjusted deadlines accordingly and the workload was manageable, which let me actually focus on doing good work instead of rushing.",Positive,Workload,4,Data Science,5,Yes
INT0422,"All things considered, the team communicated fine for day-to-day tasks but bigger updates sometimes came late and we had regular meetings, but a lot of the important details still got lost between teams. On top of that, workload was about average, nothing that felt unreasonable but not exactly relaxed either. I wanted to share this feedback for future improvement.",Neutral,Communication,5,Web Development,3,No
INT0423,"Overall, I got a general sense of the industry, though not much specific career guidance. That said, the training covered the basics adequately, though it felt a bit generic.",Neutral,Career Development,6,Business Development,3,Maybe
INT0424,"So far, the learning curve was gentle, maybe too gentle for someone who wanted more of a challenge.",Neutral,Learning,4,Machine Learning,4,Yes
INT0425,"In my experience, whenever priorities shifted, someone made sure to explain why, which I really appreciated.",Positive,Communication,2,Marketing,4,Maybe
INT0426,"Honestly, the team was polite but mostly kept to themselves, so bonding took a while. Others might have had a different experience though.",Neutral,Team Environment,2,Artificial Intelligence,3,Maybe
INT0427,"Looking back, updates about project changes always reached me quickly, so I rarely felt out of the loop. Others might have had a different experience though.",Positive,Communication,5,Machine Learning,4,Maybe
INT0428,"By the end of the internship, I rarely got any real feedback from my supervisor beyond a quick 'looks good'.",Negative,Mentorship,1,Finance,1,Yes
INT0429,"Throughout the program, feedback on my work came promptly and was specific enough to actually act on. I never had to chase people for information, everything was communicated clearly upfront. Just my two cents.",Positive,Communication,2,Machine Learning,5,Yes
INT0430,"The team was polite but mostly kept to themselves, so bonding took a while. That said, everyone's experience can vary.",Neutral,Team Environment,2,Finance,3,Yes
INT0431,"If I'm being honest, I felt constantly behind because new tasks kept piling up before I finished the last ones. Meanwhile, the tasks were fine, a mix of interesting bits and some routine administrative work. Hopefully this helps improve the program.",Negative,Workload,5,Software Development,2,No
INT0432,"Looking back, the projects I worked on felt meaningful, not just busywork to fill the days. That said, the exposure to real datasets taught me more about data cleaning than any course did.",Positive,Tasks,6,Artificial Intelligence,3,Yes
INT0433,"Looking back, the work I did often felt like busywork rather than anything that mattered to the team. Also, the setup was fine, standard desks and standard hours, nothing remarkable either way.",Negative,Tasks,1,Finance,2,Maybe
INT0434,"For the most part, I appreciated that my work actually got used by the team instead of sitting in a drawer. Tasks were varied enough that I never felt bored during the day.",Positive,Tasks,3,Software Development,3,Yes
INT0435,"During my time here, I was given real ownership over a feature, which made the work feel worthwhile. On top of that, nothing stood out about the environment, it was just a typical corporate setup. That said, everyone's experience can vary.",Positive,Tasks,4,Machine Learning,4,Yes
INT0436,"Honestly, the work I did often felt like busywork rather than anything that mattered to the team. The tasks assigned to me didn't match the job description at all. Additionally, I learned a few new things, but a lot of it was stuff I already knew from school.",Negative,Tasks,4,Marketing,1,Maybe
INT0437,"Looking back, the workload picked up so much toward the end that I had to work late several nights. Deadlines were frequently unrealistic given how much other work was already on my plate. That said, everyone's experience can vary.",Negative,Workload,2,Data Science,1,No
INT0438,"For the most part, I kept doing the same small task over and over with little variation for weeks. The tasks assigned to me didn't match the job description at all. On top of that, there was no real effort to help interns think about next steps or career planning. I wanted to share this feedback for future improvement.",Negative,Tasks,5,Machine Learning,3,No
INT0439,Everyone on the team was friendly and made me feel included from the very first day. I wanted to share this feedback for future improvement.,Positive,Team Environment,5,Marketing,4,Yes
INT0440,"During my time here, whenever priorities shifted, someone made sure to explain why, which I really appreciated. That said, looking back, I'm glad I chose this internship over the other offers I had.",Positive,Communication,3,Web Development,4,No
INT0441,"The lack of guidance meant I spent a lot of time unsure whether my work was even useful. Meanwhile, resources like laptops and software licenses took weeks to sort out, which was frustrating. Just my two cents.",Negative,Mentorship,4,Machine Learning,3,No
INT0442,"The workshops during the first week gave me a solid foundation for the rest of the internship. I appreciated that training wasn't rushed, we actually had time to practice before doing real work. I wanted to share this feedback for future improvement.",Positive,Training,3,Business Development,3,Yes
INT0443,"If I'm being honest, the workload picked up so much toward the end that I had to work late several nights and deadlines were frequently unrealistic given how much other work was already on my plate. Meanwhile, the team felt fragmented, with different people rarely talking to each other.",Negative,Workload,3,Finance,2,No
INT0444,"During my time here, I learned to use version control properly for the first time, and it's already paying off. I picked up skills here that I doubt I would have learned this fast in a classroom.",Positive,Learning,2,Business Development,4,Yes
INT0445,"Overall this internship fell short of what I was expecting when I accepted the offer and I finished the internship feeling like I didn't get much value out of the time I put in. Additionally, I felt constantly behind because new tasks kept piling up before I finished the last ones.",Negative,Overall Experience,4,Finance,2,No
INT0446,Seeing how the full-time employees approached their work helped me set realistic career goals. I got genuinely useful advice on my resume and how to prepare for future interviews.,Positive,Career Development,4,Data Science,3,Maybe
INT0447,"During my time here, the workload fluctuated a lot, some weeks were packed and others were almost too quiet. On top of that, the team communicated fine for day-to-day tasks but bigger updates sometimes came late. Hopefully this helps improve the program.",Neutral,Workload,6,Artificial Intelligence,3,No
INT0448,"During my time here, there was a lot of pressure in the air that made the environment feel stressful most days. Additionally, there was no real effort to help interns think about next steps or career planning.",Negative,Work Environment,1,Software Development,2,No
INT0449,"From my perspective, the training was standard, nothing outstanding but nothing missing either. Meanwhile, the environment was fine, not particularly close-knit but not unfriendly either. Just my two cents.",Neutral,Training,3,Machine Learning,4,Maybe
INT0450,"So far, there were busy weeks, but overall the workload felt fair given my experience level.",Positive,Workload,2,Human Resources,4,Maybe
INT0451,"Looking back, I finished the internship feeling like I didn't get much value out of the time I put in.",Negative,Overall Experience,6,Machine Learning,1,Maybe
INT0452,"If I'm being honest, there was almost no formal training, I was expected to already know things I'd never used and I sat through hours of generic training videos that had nothing to do with my actual role. Additionally, I learned a few new things, but a lot of it was stuff I already knew from school.",Negative,Training,5,Machine Learning,2,Maybe
INT0453,"From my perspective, there was almost no mentorship structure, so I often felt left to guess what was expected. Others might have had a different experience though.",Negative,Mentorship,2,Artificial Intelligence,3,No
INT0454,"All things considered, resources like laptops and software licenses took weeks to sort out, which was frustrating. That's just my honest take.",Negative,Work Environment,5,Machine Learning,2,No
INT0455,"Overall, nobody really discussed growth opportunities or what a future role here might look like. Meanwhile, the office felt disorganized, with unclear seating and outdated equipment for interns. That's just my honest take.",Negative,Career Development,1,Marketing,2,Maybe
INT0456,"During my time here, the training materials were outdated and didn't match the tools we actually used day to day. Additionally, I was rarely given tasks that felt connected to any bigger project or goal.",Negative,Training,1,Business Development,2,No
INT0457,"The team communicated fine for day-to-day tasks but bigger updates sometimes came late and we had regular meetings, but a lot of the important details still got lost between teams. Others might have had a different experience though.",Neutral,Communication,6,Marketing,3,Maybe
INT0458,"From my perspective, the pace was reasonable and left room for me to ask questions without falling behind. On top of that, the office had a comfortable, low-pressure atmosphere that made it easy to concentrate. I wanted to share this feedback for future improvement.",Positive,Workload,4,Web Development,4,Yes
INT0459,"I barely got to interact with the wider team beyond my direct supervisor and the team felt fragmented, with different people rarely talking to each other.",Negative,Team Environment,4,Business Development,3,Maybe
INT0460,"Honestly, overall this internship exceeded what I expected going in and I'd recommend it to a friend. Meanwhile, there were busy weeks, but overall the workload felt fair given my experience level.",Positive,Overall Experience,2,Marketing,4,Yes
INT0461,"From my perspective, it was manageable most of the time, though a couple of deadlines felt a bit tight and workload was about average, nothing that felt unreasonable but not exactly relaxed either.",Neutral,Workload,1,Machine Learning,3,No
INT0462,"So far, career advice came up occasionally in conversations but wasn't a structured part of the program. I wanted to share this feedback for future improvement.",Neutral,Career Development,2,Finance,4,Maybe
INT0463,"I mostly had to figure things out on my own since nobody had time to explain anything. That said, everyone's experience can vary.",Negative,Mentorship,6,Human Resources,2,No
INT0464,"If I'm being honest, there were busy weeks, but overall the workload felt fair given my experience level. The pace was reasonable and left room for me to ask questions without falling behind. Hopefully this helps improve the program.",Positive,Workload,1,Web Development,4,Yes
INT0465,"If I'm being honest, the training was standard, nothing outstanding but nothing missing either. That said, I picked up some practical skills, though the internship leaned more toward repetition than discovery.",Neutral,Training,3,Web Development,3,No
INT0466,"For the most part, the setup was fine, standard desks and standard hours, nothing remarkable either way. Meanwhile, we had regular meetings, but a lot of the important details still got lost between teams. Others might have had a different experience though.",Neutral,Work Environment,6,Web Development,3,Maybe
INT0467,The training materials were outdated and didn't match the tools we actually used day to day.,Negative,Training,5,Web Development,1,No
INT0468,"Overall, the training covered the basics adequately, though it felt a bit generic. Meanwhile, overall it was an okay experience, some good parts and some parts I'd change. I wanted to share this feedback for future improvement.",Neutral,Training,4,Data Science,2,Yes
INT0469,"For the most part, mentorship existed on paper but in practice it depended a lot on how busy people were. Meanwhile, coworkers were nice enough, though most interactions stayed strictly work related.",Neutral,Mentorship,6,Web Development,2,No
INT0470,"So far, some days had engaging projects, others were mostly just formatting spreadsheets.",Neutral,Tasks,2,Machine Learning,4,Maybe
INT0471,"Throughout the program, the team was upfront about expectations from day one, which made planning my work much easier.",Positive,Communication,2,Data Science,3,Yes
INT0472,"Overall, it was a fairly average internship, neither a highlight nor a disappointment. Also, it was manageable most of the time, though a couple of deadlines felt a bit tight.",Neutral,Overall Experience,5,Software Development,3,Yes
INT0473,"Looking back, the onboarding sessions covered exactly what I needed to get started without wasting time. Additionally, the pace was reasonable and left room for me to ask questions without falling behind. Hopefully this helps improve the program.",Positive,Training,6,Software Development,5,Yes
INT0474,"My overall take is mixed, there were things I liked and things that could be better. Meanwhile, some days had engaging projects, others were mostly just formatting spreadsheets.",Neutral,Overall Experience,2,Business Development,4,Maybe
INT0475,"Overall, I'd call this internship a genuinely valuable experience that shaped how I think about work.",Positive,Overall Experience,3,Marketing,4,Yes
INT0476,"So far, coworkers were nice enough, though most interactions stayed strictly work related. Additionally, the team communicated fine for day-to-day tasks but bigger updates sometimes came late. Hopefully this helps improve the program.",Neutral,Team Environment,6,Artificial Intelligence,2,Maybe
INT0477,"So far, I barely got to interact with the wider team beyond my direct supervisor. Just my two cents.",Negative,Team Environment,2,Business Development,1,No
INT0478,"All things considered, the team felt fragmented, with different people rarely talking to each other. Others might have had a different experience though.",Negative,Team Environment,2,Artificial Intelligence,3,No
INT0479,I frequently had no idea what was happening with the project until it was almost too late.,Negative,Communication,2,Marketing,1,No
INT0480,"During my time here, we had regular meetings, but a lot of the important details still got lost between teams and communication was decent overall, though sometimes emails took a day or two to get answered. Others might have had a different experience though.",Neutral,Communication,4,Data Science,3,Maybe
INT0481,"To be fair, career advice came up occasionally in conversations but wasn't a structured part of the program. I wanted to share this feedback for future improvement.",Neutral,Career Development,3,Finance,3,No
INT0482,"Overall, I left without much clarity on what skills I should focus on for my career and there was no real effort to help interns think about next steps or career planning.",Negative,Career Development,4,Software Development,2,Maybe
INT0483,"The team was upfront about expectations from day one, which made planning my work much easier and feedback on my work came promptly and was specific enough to actually act on.",Positive,Communication,6,Human Resources,4,Yes
INT0484,"All things considered, communication between departments was so poor that tasks sometimes contradicted each other. Just my two cents.",Negative,Communication,2,Web Development,2,No
INT0485,"The pace was reasonable and left room for me to ask questions without falling behind. There were busy weeks, but overall the workload felt fair given my experience level. I wanted to share this feedback for future improvement.",Positive,Workload,1,Marketing,4,Maybe
INT0486,"All things considered, this internship gave me a much clearer picture of what career path I actually want to pursue. On top of that, I'd call this internship a genuinely valuable experience that shaped how I think about work. I wanted to share this feedback for future improvement.",Positive,Career Development,2,Web Development,5,Yes
INT0487,"Looking back, the team communicated fine for day-to-day tasks but bigger updates sometimes came late and Slack messages got answered most of the time, though not always the same day. Hopefully this helps improve the program.",Neutral,Communication,3,Finance,3,Maybe
INT0488,"The training materials were outdated and didn't match the tools we actually used day to day. Additionally, mentorship existed on paper but in practice it depended a lot on how busy people were. Others might have had a different experience though.",Negative,Training,4,Data Science,1,No
INT0489,"In my experience, the team felt fragmented, with different people rarely talking to each other.",Negative,Team Environment,6,Web Development,2,No
INT0490,"Throughout the program, the team was upfront about expectations from day one, which made planning my work much easier. That said, my mentor always made time to answer questions, even when things got busy. That said, everyone's experience can vary.",Positive,Communication,5,Marketing,4,Yes
INT0491,"By the end of the internship, I'd call this internship a genuinely valuable experience that shaped how I think about work. Others might have had a different experience though.",Positive,Overall Experience,5,Data Science,5,Yes
INT0492,"During my time here, it was a fairly average internship, neither a highlight nor a disappointment. Just my two cents.",Neutral,Overall Experience,6,Data Science,4,Maybe
INT0493,"Overall, I was often given more tasks than I could realistically finish within normal hours. Also, nobody really discussed growth opportunities or what a future role here might look like. That said, everyone's experience can vary.",Negative,Workload,3,Web Development,1,No
INT0494,"So far, I got genuinely useful advice on my resume and how to prepare for future interviews. Meanwhile, our stand-up meetings were short but genuinely useful for staying aligned with the team. I wanted to share this feedback for future improvement.",Positive,Career Development,6,Business Development,4,Yes
INT0495,"Looking back, I felt constantly behind because new tasks kept piling up before I finished the last ones. Deadlines were frequently unrealistic given how much other work was already on my plate.",Negative,Workload,5,Machine Learning,2,Maybe
INT0496,The exposure to real industry work will definitely help me stand out when I apply for jobs. Hopefully this helps improve the program.,Positive,Career Development,2,Human Resources,4,Yes
INT0497,"So far, I felt constantly behind because new tasks kept piling up before I finished the last ones. Additionally, I frequently had no idea what was happening with the project until it was almost too late.",Negative,Workload,3,Software Development,1,Maybe
INT0498,"So far, some days had engaging projects, others were mostly just formatting spreadsheets. Just my two cents.",Neutral,Tasks,4,Business Development,4,Maybe
INT0499,"Looking back, I got occasional guidance from senior staff, though it wasn't consistent week to week. Meanwhile, information usually reached me eventually, just not always as fast as I would have liked.",Neutral,Mentorship,6,Finance,3,Yes
INT0500,"I never had to chase people for information, everything was communicated clearly upfront. Additionally, the exposure to real datasets taught me more about data cleaning than any course did. I wanted to share this feedback for future improvement.",Positive,Communication,6,Machine Learning,4,Yes
INT0501,"Throughout the program, I never had to chase people for information, everything was communicated clearly upfront. On top of that, I felt comfortable asking silly questions because nobody made me feel judged for it.",Positive,Communication,2,Data Science,4,Maybe
INT0502,Seeing how the full-time employees approached their work helped me set realistic career goals. Just my two cents.,Positive,Career Development,5,Human Resources,5,Yes
INT0503,"To be fair, I liked that the company trusted interns enough to work flexible hours when needed.",Positive,Work Environment,3,Finance,5,Maybe
INT0504,"I went weeks without hearing from my mentor, which made it hard to know if I was on track and I rarely got any real feedback from my supervisor beyond a quick 'looks good'.",Negative,Mentorship,4,Web Development,2,No
INT0505,"By the end of the internship, we had regular meetings, but a lot of the important details still got lost between teams and the team communicated fine for day-to-day tasks but bigger updates sometimes came late. That's just my honest take.",Neutral,Communication,2,Web Development,3,No
INT0506,"To be fair, I left without much clarity on what skills I should focus on for my career. Nobody really discussed growth opportunities or what a future role here might look like.",Negative,Career Development,4,Finance,2,No
INT0507,"To be fair, the workshops during the first week gave me a solid foundation for the rest of the internship and the onboarding sessions covered exactly what I needed to get started without wasting time. Hopefully this helps improve the program.",Positive,Training,4,Business Development,5,Yes
INT0508,"From my perspective, the mentorship felt fine, not particularly memorable, just standard check-ins.",Neutral,Mentorship,1,Marketing,3,Maybe
INT0509,"Throughout the program, overall this internship fell short of what I was expecting when I accepted the offer. On top of that, resources like laptops and software licenses took weeks to sort out, which was frustrating. Others might have had a different experience though.",Negative,Overall Experience,4,Finance,3,Maybe
INT0510,"In my experience, I picked up some practical skills, though the internship leaned more toward repetition than discovery. The learning curve was gentle, maybe too gentle for someone who wanted more of a challenge. That said, there wasn't a dedicated career development component, but I picked up a few useful tips along the way.",Neutral,Learning,5,Software Development,4,No
INT0511,"If I'm being honest, some days had engaging projects, others were mostly just formatting spreadsheets. Also, I got a general sense of the industry, though not much specific career guidance.",Neutral,Tasks,5,Data Science,2,Maybe
INT0512,"All things considered, the exposure to real industry work will definitely help me stand out when I apply for jobs and this internship gave me a much clearer picture of what career path I actually want to pursue. Additionally, I worked on a reasonable variety of tasks, though none of them felt particularly high-impact. I wanted to share this feedback for future improvement.",Positive,Career Development,2,Software Development,5,Yes
INT0513,"Honestly, I was given real ownership over a feature, which made the work feel worthwhile.",Positive,Tasks,3,Web Development,4,Yes
INT0514,"During my time here, the assignments were straightforward and predictable for the most part. That said, nothing stood out about the environment, it was just a typical corporate setup. I wanted to share this feedback for future improvement.",Neutral,Tasks,6,Marketing,3,Maybe
INT0515,"Instructions for tasks were often vague, so I ended up redoing work more than once and communication between departments was so poor that tasks sometimes contradicted each other. Meanwhile, deadlines were frequently unrealistic given how much other work was already on my plate.",Negative,Communication,5,Marketing,1,No
INT0516,"From my perspective, the training was standard, nothing outstanding but nothing missing either. Additionally, there were learning opportunities here and there, but nothing that felt especially deep.",Neutral,Training,1,Human Resources,3,Maybe
INT0517,"Throughout the program, it was manageable most of the time, though a couple of deadlines felt a bit tight. Additionally, I picked up some practical skills, though the internship leaned more toward repetition than discovery. That's just my honest take.",Neutral,Workload,3,Web Development,3,Maybe
INT0518,"Honestly, the internship offered very little in terms of skill development, mostly just data entry-type work. Hopefully this helps improve the program.",Negative,Learning,6,Finance,1,Maybe
INT0519,"Looking back, the tasks were fine, a mix of interesting bits and some routine administrative work. Just my two cents.",Neutral,Tasks,4,Data Science,4,No
INT0520,"All things considered, my mentor pushed me to think through problems myself instead of just giving answers. Just my two cents.",Positive,Mentorship,4,Data Science,5,Maybe
INT0521,"To be fair, communication was decent overall, though sometimes emails took a day or two to get answered. Meanwhile, the training covered the basics adequately, though it felt a bit generic. That said, everyone's experience can vary.",Neutral,Communication,6,Software Development,3,No
INT0522,"In my experience, the office felt disorganized, with unclear seating and outdated equipment for interns. There was a lot of pressure in the air that made the environment feel stressful most days. Just my two cents.",Negative,Work Environment,3,Artificial Intelligence,1,No
INT0523,"Overall, information usually reached me eventually, just not always as fast as I would have liked. Others might have had a different experience though.",Neutral,Communication,2,Artificial Intelligence,2,No
INT0524,Seeing how the full-time employees approached their work helped me set realistic career goals. Others might have had a different experience though.,Positive,Career Development,1,Finance,4,Yes
INT0525,"So far, overall this internship fell short of what I was expecting when I accepted the offer. Others might have had a different experience though.",Negative,Overall Experience,1,Data Science,2,No
INT0526,"By the end of the internship, there was a real disconnect between what one manager said and what another expected. On top of that, I got a general sense of the industry, though not much specific career guidance. I wanted to share this feedback for future improvement.",Negative,Communication,3,Machine Learning,1,No
INT0527,"If I'm being honest, the team culture was relaxed but still focused, which made coming to work genuinely enjoyable. I felt comfortable asking silly questions because nobody made me feel judged for it.",Positive,Team Environment,5,Software Development,4,Maybe
INT0528,Nobody really discussed growth opportunities or what a future role here might look like. I wanted to share this feedback for future improvement.,Negative,Career Development,3,Machine Learning,1,No
INT0529,"Honestly, I mostly had to figure things out on my own since nobody had time to explain anything. There was almost no mentorship structure, so I often felt left to guess what was expected. Just my two cents.",Negative,Mentorship,6,Business Development,1,No
INT0530,"Throughout the program, there was a real disconnect between what one manager said and what another expected. On top of that, the work I did often felt like busywork rather than anything that mattered to the team. That's just my honest take.",Negative,Communication,5,Artificial Intelligence,2,No
INT0531,"Overall, the overall environment felt professional but not stiff, which suited me well. Just my two cents.",Positive,Work Environment,6,Web Development,4,Yes
INT0532,"From my perspective, the work environment was ordinary, similar to what I expected from an office internship.",Neutral,Work Environment,2,Marketing,2,Maybe
INT0533,"From my perspective, there were busy weeks, but overall the workload felt fair given my experience level. That said, everyone's experience can vary.",Positive,Workload,3,Human Resources,5,Maybe
INT0534,"Being thrown into real projects forced me to learn tools I'd only read about before. That said, the onboarding sessions covered exactly what I needed to get started without wasting time.",Positive,Learning,4,Data Science,3,Yes
INT0535,"I left without much clarity on what skills I should focus on for my career and nobody really discussed growth opportunities or what a future role here might look like. Additionally, I sat through hours of generic training videos that had nothing to do with my actual role.",Negative,Career Development,2,Data Science,2,No
INT0536,"Overall, my coworkers were always willing to jump on a call and help troubleshoot with me. Everyone on the team was friendly and made me feel included from the very first day. Also, nothing stood out about the environment, it was just a typical corporate setup.",Positive,Team Environment,6,Finance,5,Yes
INT0537,"Throughout the program, there was no real effort to help interns think about next steps or career planning. Nobody really discussed growth opportunities or what a future role here might look like. Also, the team was polite but mostly kept to themselves, so bonding took a while. I wanted to share this feedback for future improvement.",Negative,Career Development,6,Business Development,3,Yes
INT0538,"For the most part, I felt comfortable asking silly questions because nobody made me feel judged for it. Meanwhile, I could always reach out to my team lead when I got stuck, and they never made me feel dumb for asking. Hopefully this helps improve the program.",Positive,Team Environment,1,Web Development,5,Yes
INT0539,"If I'm being honest, there wasn't a dedicated career development component, but I picked up a few useful tips along the way. Just my two cents.",Neutral,Career Development,6,Marketing,2,Maybe
INT0540,"In my experience, tasks were varied enough that I never felt bored during the day. That said, everyone's experience can vary.",Positive,Tasks,6,Human Resources,5,Maybe
INT0541,"By the end of the internship, there wasn't a dedicated career development component, but I picked up a few useful tips along the way. I wanted to share this feedback for future improvement.",Neutral,Career Development,6,Human Resources,3,Maybe
INT0542,Being thrown into real projects forced me to learn tools I'd only read about before and I walked away with a much better understanding of how production systems actually work. Just my two cents.,Positive,Learning,2,Machine Learning,5,Yes
INT0543,"To be fair, the team culture was relaxed but still focused, which made coming to work genuinely enjoyable. Additionally, overall it was an okay experience, some good parts and some parts I'd change. Others might have had a different experience though.",Positive,Team Environment,6,Machine Learning,4,Maybe
INT0544,"In my experience, the office felt disorganized, with unclear seating and outdated equipment for interns. Meanwhile, instructions for tasks were often vague, so I ended up redoing work more than once. Just my two cents.",Negative,Work Environment,3,Human Resources,2,No
INT0545,"Overall, the work environment was ordinary, similar to what I expected from an office internship.",Neutral,Work Environment,4,Finance,4,Maybe
INT0546,"I never had to chase people for information, everything was communicated clearly upfront and the team was upfront about expectations from day one, which made planning my work much easier. Hopefully this helps improve the program.",Positive,Communication,6,Data Science,5,Maybe
INT0547,"All things considered, I picked up some practical skills, though the internship leaned more toward repetition than discovery and there were learning opportunities here and there, but nothing that felt especially deep.",Neutral,Learning,3,Human Resources,4,Yes
INT0548,The assignments were straightforward and predictable for the most part.,Neutral,Tasks,4,Human Resources,3,Yes
INT0549,"In my experience, I felt constantly behind because new tasks kept piling up before I finished the last ones.",Negative,Workload,5,Marketing,2,Maybe
INT0550,"If I'm being honest, I barely got to interact with the wider team beyond my direct supervisor.",Negative,Team Environment,4,Machine Learning,2,No
INT0551,"The office had a comfortable, low-pressure atmosphere that made it easy to concentrate. That said, my coworkers were always willing to jump on a call and help troubleshoot with me. I wanted to share this feedback for future improvement.",Positive,Work Environment,1,Machine Learning,5,Yes
INT0552,"So far, nothing stood out about the environment, it was just a typical corporate setup. Others might have had a different experience though.",Neutral,Work Environment,3,Artificial Intelligence,4,No
INT0553,"During my time here, my overall take is mixed, there were things I liked and things that could be better. Hopefully this helps improve the program.",Neutral,Overall Experience,5,Finance,3,No
INT0554,"So far, coworkers were nice enough, though most interactions stayed strictly work related. On top of that, my overall take is mixed, there were things I liked and things that could be better.",Neutral,Team Environment,1,Business Development,3,Maybe
INT0555,"If I'm being honest, it was manageable most of the time, though a couple of deadlines felt a bit tight. The workload fluctuated a lot, some weeks were packed and others were almost too quiet. That's just my honest take.",Neutral,Workload,3,Data Science,2,Maybe
INT0556,Our stand-up meetings were short but genuinely useful for staying aligned with the team. Just my two cents.,Positive,Communication,3,Software Development,5,No
INT0557,"So far, my overall take is mixed, there were things I liked and things that could be better. Overall it was an okay experience, some good parts and some parts I'd change. That said, everyone's experience can vary.",Neutral,Overall Experience,6,Marketing,3,Yes
INT0558,"Honestly, the training materials were well organized and easy to follow even for a beginner. The workshops during the first week gave me a solid foundation for the rest of the internship. I wanted to share this feedback for future improvement.",Positive,Training,1,Data Science,3,Maybe
INT0559,"By the end of the internship, the exposure to real industry work will definitely help me stand out when I apply for jobs. Meanwhile, looking back, I'm glad I chose this internship over the other offers I had. That's just my honest take.",Positive,Career Development,5,Finance,5,No
INT0560,"Overall, there wasn't a dedicated career development component, but I picked up a few useful tips along the way and I got a general sense of the industry, though not much specific career guidance. On top of that, there were learning opportunities here and there, but nothing that felt especially deep.",Neutral,Career Development,1,Machine Learning,4,Maybe
INT0561,"If I'm being honest, the team communicated fine for day-to-day tasks but bigger updates sometimes came late. Communication was decent overall, though sometimes emails took a day or two to get answered. Also, the training covered the basics adequately, though it felt a bit generic. That's just my honest take.",Neutral,Communication,3,Web Development,3,Maybe
INT0562,"So far, the exposure to real datasets taught me more about data cleaning than any course did and I picked up skills here that I doubt I would have learned this fast in a classroom. That's just my honest take.",Positive,Learning,6,Finance,3,Yes
INT0563,"So far, whenever priorities shifted, someone made sure to explain why, which I really appreciated. That said, everyone's experience can vary.",Positive,Communication,4,Human Resources,5,Yes
INT0564,"From my perspective, overall this internship exceeded what I expected going in and I'd recommend it to a friend. Just my two cents.",Positive,Overall Experience,6,Finance,4,Yes
INT0565,"In my experience, feedback on my work came promptly and was specific enough to actually act on and I never had to chase people for information, everything was communicated clearly upfront. I wanted to share this feedback for future improvement.",Positive,Communication,1,Finance,5,Yes
INT0566,"So far, I learned a few new things, but a lot of it was stuff I already knew from school. I picked up some practical skills, though the internship leaned more toward repetition than discovery. Hopefully this helps improve the program.",Neutral,Learning,6,Business Development,2,No
INT0567,"The work environment was ordinary, similar to what I expected from an office internship. The setup was fine, standard desks and standard hours, nothing remarkable either way.",Neutral,Work Environment,5,Machine Learning,4,Maybe
INT0568,"For the most part, the tasks assigned to me didn't match the job description at all. I wanted to share this feedback for future improvement.",Negative,Tasks,5,Artificial Intelligence,2,No
INT0569,"For the most part, the training materials were well organized and easy to follow even for a beginner. I wanted to share this feedback for future improvement.",Positive,Training,3,Data Science,4,Yes
INT0570,"The learning curve was gentle, maybe too gentle for someone who wanted more of a challenge. On top of that, the team communicated fine for day-to-day tasks but bigger updates sometimes came late. That said, everyone's experience can vary.",Neutral,Learning,3,Machine Learning,2,Yes
INT0571,"During my time here, the team culture was relaxed but still focused, which made coming to work genuinely enjoyable. Also, the onboarding sessions covered exactly what I needed to get started without wasting time.",Positive,Team Environment,5,Software Development,4,Yes
INT0572,"Coworkers were nice enough, though most interactions stayed strictly work related. That said, the work environment was ordinary, similar to what I expected from an office internship. I wanted to share this feedback for future improvement.",Neutral,Team Environment,6,Software Development,4,Yes
INT0573,"Throughout the program, the overall environment felt professional but not stiff, which suited me well and the office had a comfortable, low-pressure atmosphere that made it easy to concentrate. Additionally, overall this internship exceeded what I expected going in and I'd recommend it to a friend. Just my two cents.",Positive,Work Environment,6,Business Development,4,Maybe
INT0574,"Throughout the program, there was almost no formal training, I was expected to already know things I'd never used and the onboarding was so rushed that I still had questions about basic tools weeks later. Hopefully this helps improve the program.",Negative,Training,1,Finance,3,No
INT0575,"All things considered, I picked up skills here that I doubt I would have learned this fast in a classroom. That's just my honest take.",Positive,Learning,5,Web Development,5,Yes
INT0576,"By the end of the internship, the training covered the basics adequately, though it felt a bit generic. Onboarding was okay, some sessions were useful and others felt like they could've been an email. Also, it was a fairly average internship, neither a highlight nor a disappointment.",Neutral,Training,6,Business Development,4,No
INT0577,"For the most part, the tasks assigned to me didn't match the job description at all. The work I did often felt like busywork rather than anything that mattered to the team. That's just my honest take.",Negative,Tasks,6,Finance,1,No
INT0578,"For the most part, the training covered the basics adequately, though it felt a bit generic.",Neutral,Training,6,Machine Learning,3,Yes
INT0579,"Throughout the program, there was no real effort to help interns think about next steps or career planning. Hopefully this helps improve the program.",Negative,Career Development,6,Finance,2,No
INT0580,"If I'm being honest, the team was upfront about expectations from day one, which made planning my work much easier. Whenever priorities shifted, someone made sure to explain why, which I really appreciated. I wanted to share this feedback for future improvement.",Positive,Communication,3,Marketing,4,Yes
INT0581,"During my time here, there was almost no mentorship structure, so I often felt left to guess what was expected. Just my two cents.",Negative,Mentorship,1,Software Development,2,No
INT0582,"So far, the onboarding sessions covered exactly what I needed to get started without wasting time.",Positive,Training,2,Finance,5,Yes
INT0583,"All things considered, I got genuinely useful advice on my resume and how to prepare for future interviews. This internship gave me a much clearer picture of what career path I actually want to pursue. Meanwhile, coworkers were nice enough, though most interactions stayed strictly work related.",Positive,Career Development,6,Machine Learning,3,Yes
INT0584,"In my experience, our stand-up meetings were short but genuinely useful for staying aligned with the team. Hopefully this helps improve the program.",Positive,Communication,6,Web Development,4,Yes
INT0585,"For the most part, nothing stood out about the environment, it was just a typical corporate setup. The setup was fine, standard desks and standard hours, nothing remarkable either way. Also, the environment was fine, not particularly close-knit but not unfriendly either. I wanted to share this feedback for future improvement.",Neutral,Work Environment,4,Web Development,2,Maybe
INT0586,"Workload was about average, nothing that felt unreasonable but not exactly relaxed either. I wanted to share this feedback for future improvement.",Neutral,Workload,2,Human Resources,2,Maybe
INT0587,"In my experience, I got occasional guidance from senior staff, though it wasn't consistent week to week and some weeks I got great input from my supervisor, other weeks I barely heard from them.",Neutral,Mentorship,3,Data Science,3,Yes
INT0588,"For the most part, I got a general sense of the industry, though not much specific career guidance. That's just my honest take.",Neutral,Career Development,2,Data Science,3,No
INT0589,"From my perspective, my manager took the time to explain the reasoning behind decisions rather than just handing out tasks.",Positive,Mentorship,6,Finance,5,Yes
INT0590,"I could always reach out to my team lead when I got stuck, and they never made me feel dumb for asking. That said, I picked up skills here that I doubt I would have learned this fast in a classroom. That's just my honest take.",Positive,Mentorship,5,Marketing,3,Yes
INT0591,"By the end of the internship, there was a lot of pressure in the air that made the environment feel stressful most days.",Negative,Work Environment,5,Marketing,1,No
INT0592,"Throughout the program, I'd call this internship a genuinely valuable experience that shaped how I think about work. That said, everyone's experience can vary.",Positive,Overall Experience,5,Data Science,4,Maybe
INT0593,"Overall, my mentor pushed me to think through problems myself instead of just giving answers.",Positive,Mentorship,1,Data Science,5,Maybe
INT0594,"If I'm being honest, my overall take is mixed, there were things I liked and things that could be better. I wanted to share this feedback for future improvement.",Neutral,Overall Experience,4,Finance,2,Yes
INT0595,"So far, my assigned mentor was too busy with their own work to actually guide me. Additionally, nobody really discussed growth opportunities or what a future role here might look like. That said, everyone's experience can vary.",Negative,Mentorship,5,Machine Learning,1,Maybe
INT0596,"Honestly, onboarding was okay, some sessions were useful and others felt like they could've been an email.",Neutral,Training,2,Business Development,4,Maybe
INT0597,"For the most part, my mentor pushed me to think through problems myself instead of just giving answers. Also, I never felt overwhelmed, and when things did get busy, my manager adjusted deadlines accordingly.",Positive,Mentorship,6,Finance,5,No
INT0598,"Throughout the program, I'd call this internship a genuinely valuable experience that shaped how I think about work and looking back, I'm glad I chose this internship over the other offers I had. Others might have had a different experience though.",Positive,Overall Experience,4,Artificial Intelligence,4,Maybe
INT0599,"In my experience, I was rarely given tasks that felt connected to any bigger project or goal. I kept doing the same small task over and over with little variation for weeks. Just my two cents.",Negative,Tasks,3,Marketing,1,Maybe
INT0600,"From my perspective, my mentor was available when needed but we didn't have a very structured relationship. Additionally, we had regular meetings, but a lot of the important details still got lost between teams.",Neutral,Mentorship,6,Human Resources,2,Yes
INT0601,"In my experience, I was given real ownership over a feature, which made the work feel worthwhile. Meanwhile, I appreciated that training wasn't rushed, we actually had time to practice before doing real work.",Positive,Tasks,2,Artificial Intelligence,4,Yes
INT0602,"From my perspective, feedback on my work came promptly and was specific enough to actually act on. Additionally, being thrown into real projects forced me to learn tools I'd only read about before.",Positive,Communication,3,Human Resources,5,Maybe
INT0603,"During my time here, looking back, I'm glad I chose this internship over the other offers I had. On top of that, being thrown into real projects forced me to learn tools I'd only read about before. Hopefully this helps improve the program.",Positive,Overall Experience,4,Human Resources,4,Yes
INT0604,"So far, the assignments were challenging without being overwhelming, which kept me engaged.",Positive,Tasks,3,Software Development,3,Yes
INT0605,"I came in hoping to learn a specific tool, but never actually got the chance to use it. The internship offered very little in terms of skill development, mostly just data entry-type work. Meanwhile, communication between departments was so poor that tasks sometimes contradicted each other.",Negative,Learning,6,Business Development,1,No
INT0606,"All things considered, getting to see how decisions are made in real projects taught me more than any lecture. Just my two cents.",Positive,Learning,4,Web Development,5,Yes
INT0607,"During my time here, overall it was an okay experience, some good parts and some parts I'd change and my overall take is mixed, there were things I liked and things that could be better. That said, some days had engaging projects, others were mostly just formatting spreadsheets. That's just my honest take.",Neutral,Overall Experience,4,Machine Learning,4,Maybe
INT0608,"So far, the office had a comfortable, low-pressure atmosphere that made it easy to concentrate. Just my two cents.",Positive,Work Environment,5,Human Resources,4,Yes
INT0609,"Throughout the program, I liked that the company trusted interns enough to work flexible hours when needed and the overall environment felt professional but not stiff, which suited me well. I wanted to share this feedback for future improvement.",Positive,Work Environment,4,Human Resources,4,Yes
INT0610,"If I'm being honest, there wasn't a dedicated career development component, but I picked up a few useful tips along the way.",Neutral,Career Development,3,Business Development,3,Maybe
INT0611,"During my time here, I was often given more tasks than I could realistically finish within normal hours. Additionally, the team was polite but mostly kept to themselves, so bonding took a while. Others might have had a different experience though.",Negative,Workload,3,Web Development,2,No
INT0612,"To be fair, the workload picked up so much toward the end that I had to work late several nights.",Negative,Workload,3,Web Development,2,No
INT0613,"Honestly, everyone on the team was friendly and made me feel included from the very first day. I wanted to share this feedback for future improvement.",Positive,Team Environment,2,Software Development,5,Yes
INT0614,"From my perspective, the assignments were challenging without being overwhelming, which kept me engaged. I appreciated that my work actually got used by the team instead of sitting in a drawer. Others might have had a different experience though.",Positive,Tasks,3,Software Development,4,Maybe
INT0615,"Coworkers were nice enough, though most interactions stayed strictly work related. Others might have had a different experience though.",Neutral,Team Environment,2,Machine Learning,3,Maybe
INT0616,"So far, there wasn't a dedicated career development component, but I picked up a few useful tips along the way. Career advice came up occasionally in conversations but wasn't a structured part of the program. Meanwhile, coworkers were nice enough, though most interactions stayed strictly work related. Others might have had a different experience though.",Neutral,Career Development,5,Artificial Intelligence,4,Yes
INT0617,"All things considered, the workshops during the first week gave me a solid foundation for the rest of the internship and the training materials were well organized and easy to follow even for a beginner. On top of that, there wasn't a dedicated career development component, but I picked up a few useful tips along the way.",Positive,Training,4,Web Development,3,Yes
INT0618,"All things considered, the work environment was ordinary, similar to what I expected from an office internship.",Neutral,Work Environment,2,Software Development,2,No
INT0619,"The workload fluctuated a lot, some weeks were packed and others were almost too quiet. Additionally, overall it was an okay experience, some good parts and some parts I'd change.",Neutral,Workload,3,Marketing,3,No
INT0620,"By the end of the internship, the exposure to real datasets taught me more about data cleaning than any course did and getting to see how decisions are made in real projects taught me more than any lecture.",Positive,Learning,2,Web Development,4,Yes
INT0621,"So far, career advice came up occasionally in conversations but wasn't a structured part of the program. That said, everyone's experience can vary.",Neutral,Career Development,2,Business Development,3,Maybe
INT0622,"By the end of the internship, I was given real ownership over a feature, which made the work feel worthwhile. That said, everyone's experience can vary.",Positive,Tasks,2,Business Development,4,Yes
INT0623,The exposure to real industry work will definitely help me stand out when I apply for jobs. That's just my honest take.,Positive,Career Development,6,Finance,4,Maybe
INT0624,"Looking back, I never felt overwhelmed, and when things did get busy, my manager adjusted deadlines accordingly. That said, everyone's experience can vary.",Positive,Workload,6,Marketing,4,Maybe
INT0625,"I came in hoping to learn a specific tool, but never actually got the chance to use it. I didn't feel like I learned much beyond what I already knew coming in.",Negative,Learning,2,Web Development,3,No
INT0626,"Throughout the program, communication between departments was so poor that tasks sometimes contradicted each other and important updates about deadlines sometimes reached me only after they had already passed. Hopefully this helps improve the program.",Negative,Communication,3,Data Science,2,No
INT0627,"I sat through hours of generic training videos that had nothing to do with my actual role. Also, I kept doing the same small task over and over with little variation for weeks. Just my two cents.",Negative,Training,4,Human Resources,2,No
INT0628,"All things considered, everyone on the team was friendly and made me feel included from the very first day. That said, getting to see how decisions are made in real projects taught me more than any lecture. Just my two cents.",Positive,Team Environment,1,Data Science,5,Yes
INT0629,"Looking back, the exposure to real industry work will definitely help me stand out when I apply for jobs.",Positive,Career Development,1,Data Science,4,Yes
INT0630,Everyone on the team was friendly and made me feel included from the very first day. That's just my honest take.,Positive,Team Environment,2,Finance,4,Yes
INT0631,"Overall, my manager took the time to explain the reasoning behind decisions rather than just handing out tasks. The one-on-one sessions with my mentor were probably the most valuable part of the internship. I wanted to share this feedback for future improvement.",Positive,Mentorship,4,Artificial Intelligence,5,Yes
INT0632,"In my experience, I often felt like an outsider since most conversations happened without including interns.",Negative,Team Environment,1,Artificial Intelligence,1,No
INT0633,"Looking back, the onboarding was so rushed that I still had questions about basic tools weeks later. On top of that, communication between departments was so poor that tasks sometimes contradicted each other.",Negative,Training,4,Business Development,1,Maybe
INT0634,"By the end of the internship, the office felt disorganized, with unclear seating and outdated equipment for interns and resources like laptops and software licenses took weeks to sort out, which was frustrating. I wanted to share this feedback for future improvement.",Negative,Work Environment,2,Data Science,1,Maybe
INT0635,"From my perspective, the team culture was relaxed but still focused, which made coming to work genuinely enjoyable and everyone on the team was friendly and made me feel included from the very first day.",Positive,Team Environment,3,Human Resources,3,Maybe
INT0636,"Overall, I barely got to interact with the wider team beyond my direct supervisor. Hopefully this helps improve the program.",Negative,Team Environment,5,Machine Learning,1,Maybe
INT0637,"Honestly, the training was standard, nothing outstanding but nothing missing either and onboarding was okay, some sessions were useful and others felt like they could've been an email. Others might have had a different experience though.",Neutral,Training,6,Human Resources,4,Maybe
INT0638,"From my perspective, communication was decent overall, though sometimes emails took a day or two to get answered. I wanted to share this feedback for future improvement.",Neutral,Communication,5,Software Development,3,Maybe
INT0639,"Overall, my mentor was available when needed but we didn't have a very structured relationship. That's just my honest take.",Neutral,Mentorship,2,Marketing,3,Maybe
INT0640,"During my time here, mentorship existed on paper but in practice it depended a lot on how busy people were.",Neutral,Mentorship,4,Software Development,3,Yes
INT0641,"Honestly, I finished the internship feeling like I didn't get much value out of the time I put in. That's just my honest take.",Negative,Overall Experience,3,Artificial Intelligence,2,No
INT0642,"For the most part, I never felt overwhelmed, and when things did get busy, my manager adjusted deadlines accordingly. Others might have had a different experience though.",Positive,Workload,2,Software Development,5,Maybe
INT0643,"Looking back, I was rarely given tasks that felt connected to any bigger project or goal. I kept doing the same small task over and over with little variation for weeks. Just my two cents.",Negative,Tasks,1,Finance,1,Maybe
INT0644,"Most of what I did was so repetitive that there wasn't much room to actually learn anything new. On top of that, overall this internship fell short of what I was expecting when I accepted the offer. I wanted to share this feedback for future improvement.",Negative,Learning,6,Finance,1,No
INT0645,"So far, I was given real ownership over a feature, which made the work feel worthwhile. That's just my honest take.",Positive,Tasks,5,Finance,5,Yes
INT0646,"Looking back, I left without much clarity on what skills I should focus on for my career. Just my two cents.",Negative,Career Development,4,Marketing,2,No
INT0647,"To be fair, I never felt overwhelmed, and when things did get busy, my manager adjusted deadlines accordingly and the pace was reasonable and left room for me to ask questions without falling behind. I wanted to share this feedback for future improvement.",Positive,Workload,4,Web Development,4,Yes
INT0648,"During my time here, important updates about deadlines sometimes reached me only after they had already passed.",Negative,Communication,2,Artificial Intelligence,1,No
INT0649,"By the end of the internship, I sat through hours of generic training videos that had nothing to do with my actual role. Others might have had a different experience though.",Negative,Training,4,Finance,1,No
INT0650,"Overall, instructions for tasks were often vague, so I ended up redoing work more than once. I wanted to share this feedback for future improvement.",Negative,Communication,5,Machine Learning,1,No
INT0651,"If I'm being honest, deadlines were frequently unrealistic given how much other work was already on my plate. I felt constantly behind because new tasks kept piling up before I finished the last ones.",Negative,Workload,4,Software Development,1,Yes
INT0652,"Honestly, the onboarding sessions covered exactly what I needed to get started without wasting time. I appreciated that training wasn't rushed, we actually had time to practice before doing real work. That's just my honest take.",Positive,Training,6,Machine Learning,4,Yes
INT0653,"By the end of the internship, I picked up skills here that I doubt I would have learned this fast in a classroom. I wanted to share this feedback for future improvement.",Positive,Learning,6,Data Science,5,Yes
INT0654,"So far, I barely got to interact with the wider team beyond my direct supervisor. Meanwhile, I felt constantly behind because new tasks kept piling up before I finished the last ones. I wanted to share this feedback for future improvement.",Negative,Team Environment,6,Data Science,1,No
INT0655,"By the end of the internship, onboarding was okay, some sessions were useful and others felt like they could've been an email. That's just my honest take.",Neutral,Training,1,Machine Learning,4,Yes
INT0656,"So far, I frequently had no idea what was happening with the project until it was almost too late and getting a straight answer to a simple question could take days, which slowed everything down. I wanted to share this feedback for future improvement.",Negative,Communication,3,Machine Learning,2,Maybe
INT0657,"During my time here, I learned a few new things, but a lot of it was stuff I already knew from school and the learning curve was gentle, maybe too gentle for someone who wanted more of a challenge.",Neutral,Learning,6,Machine Learning,4,Yes
INT0658,"Looking back, everyone on the team was friendly and made me feel included from the very first day.",Positive,Team Environment,3,Data Science,4,Yes
INT0659,"The training was standard, nothing outstanding but nothing missing either. Also, the work environment was ordinary, similar to what I expected from an office internship. That's just my honest take.",Neutral,Training,1,Artificial Intelligence,2,Maybe
INT0660,"To be fair, I went weeks without hearing from my mentor, which made it hard to know if I was on track. Just my two cents.",Negative,Mentorship,4,Human Resources,2,Maybe
INT0661,"By the end of the internship, there was almost no formal training, I was expected to already know things I'd never used. I wanted to share this feedback for future improvement.",Negative,Training,5,Artificial Intelligence,3,No
INT0662,"By the end of the internship, the team communicated fine for day-to-day tasks but bigger updates sometimes came late.",Neutral,Communication,1,Data Science,4,Maybe
INT0663,"All things considered, the assignments were straightforward and predictable for the most part. Hopefully this helps improve the program.",Neutral,Tasks,4,Software Development,2,Maybe
INT0664,"For the most part, the training materials were outdated and didn't match the tools we actually used day to day. Just my two cents.",Negative,Training,2,Finance,1,No
INT0665,"All things considered, I frequently had no idea what was happening with the project until it was almost too late.",Negative,Communication,6,Marketing,1,Maybe
INT0666,"I learned a few new things, but a lot of it was stuff I already knew from school. There were learning opportunities here and there, but nothing that felt especially deep. That's just my honest take.",Neutral,Learning,5,Finance,2,Maybe
INT0667,"In my experience, feedback on my work came promptly and was specific enough to actually act on.",Positive,Communication,2,Data Science,4,No
INT0668,"To be fair, my mentor pushed me to think through problems myself instead of just giving answers.",Positive,Mentorship,6,Web Development,5,Maybe
INT0669,"All things considered, important updates about deadlines sometimes reached me only after they had already passed. Getting a straight answer to a simple question could take days, which slowed everything down.",Negative,Communication,3,Software Development,3,No
INT0670,"In my experience, looking back, I'm glad I chose this internship over the other offers I had. On top of that, I felt comfortable asking silly questions because nobody made me feel judged for it. That's just my honest take.",Positive,Overall Experience,1,Web Development,3,Yes
INT0671,"For the most part, the onboarding sessions covered exactly what I needed to get started without wasting time. That said, it was a fairly average internship, neither a highlight nor a disappointment. Others might have had a different experience though.",Positive,Training,6,Machine Learning,5,Yes
INT0672,"All things considered, I appreciated that my work actually got used by the team instead of sitting in a drawer. On top of that, I liked that the company trusted interns enough to work flexible hours when needed. Just my two cents.",Positive,Tasks,2,Web Development,4,Yes
INT0673,"Overall, mentorship existed on paper but in practice it depended a lot on how busy people were. The mentorship felt fine, not particularly memorable, just standard check-ins. That's just my honest take.",Neutral,Mentorship,6,Finance,3,Yes
INT0674,"For the most part, I felt constantly behind because new tasks kept piling up before I finished the last ones. I was often given more tasks than I could realistically finish within normal hours.",Negative,Workload,2,Software Development,2,Maybe
INT0675,"Looking back, getting to see how decisions are made in real projects taught me more than any lecture.",Positive,Learning,5,Marketing,4,Yes
INT0676,"By the end of the internship, onboarding was okay, some sessions were useful and others felt like they could've been an email. Meanwhile, the workload fluctuated a lot, some weeks were packed and others were almost too quiet.",Neutral,Training,2,Human Resources,3,Maybe
INT0677,"Overall, the workload picked up so much toward the end that I had to work late several nights. Additionally, most of my days were spent on repetitive data entry that didn't require much thought.",Negative,Workload,4,Marketing,2,Maybe
INT0678,"Looking back, I mostly had to figure things out on my own since nobody had time to explain anything.",Negative,Mentorship,1,Business Development,2,No
INT0679,"Looking back, the internship offered very little in terms of skill development, mostly just data entry-type work. Most of what I did was so repetitive that there wasn't much room to actually learn anything new. Meanwhile, deadlines were frequently unrealistic given how much other work was already on my plate. I wanted to share this feedback for future improvement.",Negative,Learning,6,Data Science,2,No
INT0680,"Overall, I felt comfortable asking silly questions because nobody made me feel judged for it.",Positive,Team Environment,1,Data Science,4,Yes
INT0681,"All things considered, the office had a comfortable, low-pressure atmosphere that made it easy to concentrate. That's just my honest take.",Positive,Work Environment,6,Data Science,5,Yes
INT0682,"Looking back, career advice came up occasionally in conversations but wasn't a structured part of the program. There wasn't a dedicated career development component, but I picked up a few useful tips along the way. Meanwhile, I learned a few new things, but a lot of it was stuff I already knew from school. I wanted to share this feedback for future improvement.",Neutral,Career Development,1,Marketing,3,Maybe
INT0683,"Overall, the office had a comfortable, low-pressure atmosphere that made it easy to concentrate.",Positive,Work Environment,6,Data Science,4,Yes
INT0684,"For the most part, I came in hoping to learn a specific tool, but never actually got the chance to use it.",Negative,Learning,1,Machine Learning,2,No
INT0685,"Looking back, our stand-up meetings were short but genuinely useful for staying aligned with the team. The team was upfront about expectations from day one, which made planning my work much easier. Meanwhile, I walked away with a much better understanding of how production systems actually work. I wanted to share this feedback for future improvement.",Positive,Communication,6,Artificial Intelligence,4,Yes
INT0686,"Honestly, the setup was fine, standard desks and standard hours, nothing remarkable either way. That said, everyone's experience can vary.",Neutral,Work Environment,4,Human Resources,3,No
INT0687,"So far, the training materials were well organized and easy to follow even for a beginner. I appreciated that training wasn't rushed, we actually had time to practice before doing real work. On top of that, I got occasional guidance from senior staff, though it wasn't consistent week to week.",Positive,Training,5,Business Development,4,Yes
INT0688,"From my perspective, I learned to use version control properly for the first time, and it's already paying off. The exposure to real datasets taught me more about data cleaning than any course did. That said, the training materials were well organized and easy to follow even for a beginner.",Positive,Learning,6,Marketing,5,Yes
INT0689,"During my time here, tasks were varied enough that I never felt bored during the day. Others might have had a different experience though.",Positive,Tasks,5,Business Development,5,Yes
INT0690,"In my experience, the exposure to real datasets taught me more about data cleaning than any course did.",Positive,Learning,3,Data Science,5,Yes
INT0691,"If I'm being honest, there was noticeable tension between some team members that made meetings uncomfortable. Others might have had a different experience though.",Negative,Team Environment,3,Machine Learning,3,Maybe
INT0692,"In my experience, there was almost no mentorship structure, so I often felt left to guess what was expected. I wanted to share this feedback for future improvement.",Negative,Mentorship,1,Data Science,1,No
INT0693,"So far, it was manageable most of the time, though a couple of deadlines felt a bit tight and the workload fluctuated a lot, some weeks were packed and others were almost too quiet. Hopefully this helps improve the program.",Neutral,Workload,1,Artificial Intelligence,2,No
INT0694,"By the end of the internship, there was noticeable tension between some team members that made meetings uncomfortable. Just my two cents.",Negative,Team Environment,5,Machine Learning,1,No
INT0695,"To be fair, the learning curve was gentle, maybe too gentle for someone who wanted more of a challenge. I learned a few new things, but a lot of it was stuff I already knew from school.",Neutral,Learning,6,Human Resources,3,Yes
INT0696,"From my perspective, I finished the internship feeling like I didn't get much value out of the time I put in. Others might have had a different experience though.",Negative,Overall Experience,4,Business Development,1,No
INT0697,"The office felt disorganized, with unclear seating and outdated equipment for interns and there was a lot of pressure in the air that made the environment feel stressful most days. That's just my honest take.",Negative,Work Environment,3,Data Science,2,Maybe
INT0698,"Some days had engaging projects, others were mostly just formatting spreadsheets. That's just my honest take.",Neutral,Tasks,5,Finance,4,Yes
INT0699,"Overall, I often felt like an outsider since most conversations happened without including interns and I barely got to interact with the wider team beyond my direct supervisor. I wanted to share this feedback for future improvement.",Negative,Team Environment,2,Artificial Intelligence,2,No
INT0700,"The training was standard, nothing outstanding but nothing missing either. That said, everyone's experience can vary.",Neutral,Training,4,Machine Learning,3,No
INT0701,"All things considered, the office felt disorganized, with unclear seating and outdated equipment for interns. That said, I didn't feel like I learned much beyond what I already knew coming in. I wanted to share this feedback for future improvement.",Negative,Work Environment,2,Human Resources,3,Maybe
INT0702,"By the end of the internship, most of my days were spent on repetitive data entry that didn't require much thought. The work I did often felt like busywork rather than anything that mattered to the team. Meanwhile, the onboarding was so rushed that I still had questions about basic tools weeks later.",Negative,Tasks,6,Business Development,2,Yes
INT0703,"From my perspective, there wasn't a dedicated career development component, but I picked up a few useful tips along the way and I got a general sense of the industry, though not much specific career guidance. Others might have had a different experience though.",Neutral,Career Development,1,Artificial Intelligence,3,Maybe
INT0704,"Honestly, everyone on the team was friendly and made me feel included from the very first day. Meanwhile, the setup was fine, standard desks and standard hours, nothing remarkable either way. I wanted to share this feedback for future improvement.",Positive,Team Environment,1,Finance,3,Yes
INT0705,"So far, I felt constantly behind because new tasks kept piling up before I finished the last ones. Others might have had a different experience though.",Negative,Workload,4,Machine Learning,2,Maybe
INT0706,"Overall, I left without much clarity on what skills I should focus on for my career and there was no real effort to help interns think about next steps or career planning. On top of that, the environment was fine, not particularly close-knit but not unfriendly either.",Negative,Career Development,2,Marketing,1,Maybe
INT0707,"To be fair, my manager took the time to explain the reasoning behind decisions rather than just handing out tasks.",Positive,Mentorship,4,Finance,5,Yes
INT0708,"By the end of the internship, the internship offered very little in terms of skill development, mostly just data entry-type work.",Negative,Learning,1,Data Science,2,Maybe
INT0709,"All things considered, the onboarding sessions covered exactly what I needed to get started without wasting time and I appreciated that training wasn't rushed, we actually had time to practice before doing real work. That said, everyone on the team was friendly and made me feel included from the very first day. That's just my honest take.",Positive,Training,1,Marketing,4,Yes
INT0710,"During my time here, the work environment was ordinary, similar to what I expected from an office internship. That said, we had regular meetings, but a lot of the important details still got lost between teams. Just my two cents.",Neutral,Work Environment,6,Data Science,3,Maybe
INT0711,"Honestly, the learning curve was gentle, maybe too gentle for someone who wanted more of a challenge. On top of that, I worked on a reasonable variety of tasks, though none of them felt particularly high-impact. I wanted to share this feedback for future improvement.",Neutral,Learning,1,Software Development,2,Yes
INT0712,"Coworkers were nice enough, though most interactions stayed strictly work related and the team was polite but mostly kept to themselves, so bonding took a while. That said, career advice came up occasionally in conversations but wasn't a structured part of the program. That's just my honest take.",Neutral,Team Environment,3,Web Development,4,Maybe
INT0713,"During my time here, the projects I worked on felt meaningful, not just busywork to fill the days. Additionally, the mentorship felt fine, not particularly memorable, just standard check-ins. That's just my honest take.",Positive,Tasks,4,Web Development,5,Yes
INT0714,"So far, there were learning opportunities here and there, but nothing that felt especially deep.",Neutral,Learning,1,Artificial Intelligence,3,Maybe
INT0715,"If I'm being honest, I expected to pick up new technical skills, but the tasks never really required them. That said, everyone's experience can vary.",Negative,Learning,5,Human Resources,1,Maybe
INT0716,"Honestly, overall this internship exceeded what I expected going in and I'd recommend it to a friend. That said, everyone's experience can vary.",Positive,Overall Experience,1,Artificial Intelligence,5,Maybe
INT0717,The assignments were straightforward and predictable for the most part. Hopefully this helps improve the program.,Neutral,Tasks,5,Human Resources,3,Maybe
INT0718,"If I'm being honest, I was rarely given tasks that felt connected to any bigger project or goal and most of my days were spent on repetitive data entry that didn't require much thought. Meanwhile, I left without much clarity on what skills I should focus on for my career. Others might have had a different experience though.",Negative,Tasks,6,Data Science,3,Maybe
INT0719,"The environment was fine, not particularly close-knit but not unfriendly either and the team was polite but mostly kept to themselves, so bonding took a while. Additionally, the workload fluctuated a lot, some weeks were packed and others were almost too quiet. That said, everyone's experience can vary.",Neutral,Team Environment,6,Software Development,3,Maybe
INT0720,"By the end of the internship, the office felt disorganized, with unclear seating and outdated equipment for interns. Resources like laptops and software licenses took weeks to sort out, which was frustrating. Hopefully this helps improve the program.",Negative,Work Environment,4,Web Development,1,Yes
INT0721,"From my perspective, my overall take is mixed, there were things I liked and things that could be better. Hopefully this helps improve the program.",Neutral,Overall Experience,6,Business Development,3,No
INT0722,"The pace was reasonable and left room for me to ask questions without falling behind. There were busy weeks, but overall the workload felt fair given my experience level. Additionally, some days had engaging projects, others were mostly just formatting spreadsheets.",Positive,Workload,3,Machine Learning,4,Yes
INT0723,"The tasks were fine, a mix of interesting bits and some routine administrative work. Additionally, coworkers were nice enough, though most interactions stayed strictly work related. Hopefully this helps improve the program.",Neutral,Tasks,3,Machine Learning,3,Maybe
INT0724,"In my experience, the onboarding sessions covered exactly what I needed to get started without wasting time. That's just my honest take.",Positive,Training,2,Web Development,5,Yes
INT0725,"By the end of the internship, looking back, I'm glad I chose this internship over the other offers I had. That's just my honest take.",Positive,Overall Experience,6,Business Development,4,Yes
INT0726,"By the end of the internship, the training materials were well organized and easy to follow even for a beginner.",Positive,Training,4,Software Development,5,Yes
INT0727,"From my perspective, I didn't feel like I learned much beyond what I already knew coming in.",Negative,Learning,2,Software Development,2,No
INT0728,"I expected to pick up new technical skills, but the tasks never really required them and I didn't feel like I learned much beyond what I already knew coming in. On top of that, the tasks assigned to me didn't match the job description at all.",Negative,Learning,2,Finance,3,No
INT0729,"I never had to chase people for information, everything was communicated clearly upfront and updates about project changes always reached me quickly, so I rarely felt out of the loop. That said, everyone's experience can vary.",Positive,Communication,4,Artificial Intelligence,4,Yes
INT0730,"Overall, overall this internship exceeded what I expected going in and I'd recommend it to a friend. Hopefully this helps improve the program.",Positive,Overall Experience,6,Human Resources,5,Yes
INT0731,"Looking back, I came in hoping to learn a specific tool, but never actually got the chance to use it. That's just my honest take.",Negative,Learning,3,Finance,1,Maybe
INT0732,"Overall, the workload was manageable, which let me actually focus on doing good work instead of rushing and there were busy weeks, but overall the workload felt fair given my experience level. Hopefully this helps improve the program.",Positive,Workload,5,Marketing,4,Maybe
INT0733,"If I'm being honest, some weeks I got great input from my supervisor, other weeks I barely heard from them. That's just my honest take.",Neutral,Mentorship,2,Marketing,3,Maybe
INT0734,"In my experience, updates about project changes always reached me quickly, so I rarely felt out of the loop.",Positive,Communication,3,Human Resources,3,Yes
INT0735,"Looking back, the training covered the basics adequately, though it felt a bit generic. I wanted to share this feedback for future improvement.",Neutral,Training,5,Human Resources,3,Maybe
INT0736,"To be fair, I expected to pick up new technical skills, but the tasks never really required them. I came in hoping to learn a specific tool, but never actually got the chance to use it. Additionally, I frequently had no idea what was happening with the project until it was almost too late.",Negative,Learning,2,Machine Learning,1,No
INT0737,"To be fair, I got a general sense of the industry, though not much specific career guidance.",Neutral,Career Development,1,Human Resources,4,Yes
INT0738,"All things considered, the team culture was relaxed but still focused, which made coming to work genuinely enjoyable. I wanted to share this feedback for future improvement.",Positive,Team Environment,5,Human Resources,4,Maybe
INT0739,"All things considered, I appreciated that my work actually got used by the team instead of sitting in a drawer. Hopefully this helps improve the program.",Positive,Tasks,5,Software Development,4,Yes
INT0740,"In my experience, the environment was fine, not particularly close-knit but not unfriendly either and the team was polite but mostly kept to themselves, so bonding took a while. Others might have had a different experience though.",Neutral,Team Environment,1,Human Resources,3,No
INT0741,"Honestly, our stand-up meetings were short but genuinely useful for staying aligned with the team. That's just my honest take.",Positive,Communication,4,Machine Learning,5,Yes
INT0742,I often felt like an outsider since most conversations happened without including interns.,Negative,Team Environment,1,Machine Learning,1,Yes
INT0743,"The team was polite but mostly kept to themselves, so bonding took a while. Just my two cents.",Neutral,Team Environment,5,Machine Learning,2,Maybe
INT0744,"Honestly, instructions for tasks were often vague, so I ended up redoing work more than once. That said, I got a general sense of the industry, though not much specific career guidance. Hopefully this helps improve the program.",Negative,Communication,6,Web Development,2,No
INT0745,"Looking back, career advice came up occasionally in conversations but wasn't a structured part of the program and I got a general sense of the industry, though not much specific career guidance. Meanwhile, I learned a few new things, but a lot of it was stuff I already knew from school. Hopefully this helps improve the program.",Neutral,Career Development,4,Marketing,3,No
INT0746,"Throughout the program, there was a lot of pressure in the air that made the environment feel stressful most days and resources like laptops and software licenses took weeks to sort out, which was frustrating.",Negative,Work Environment,1,Business Development,1,No
INT0747,"The assignments were challenging without being overwhelming, which kept me engaged. Meanwhile, career advice came up occasionally in conversations but wasn't a structured part of the program. Just my two cents.",Positive,Tasks,4,Human Resources,5,Yes
INT0748,"Overall, I was often given more tasks than I could realistically finish within normal hours. On top of that, coworkers were nice enough, though most interactions stayed strictly work related.",Negative,Workload,2,Artificial Intelligence,2,Maybe
INT0749,"In my experience, resources like laptops and software licenses took weeks to sort out, which was frustrating. That's just my honest take.",Negative,Work Environment,1,Artificial Intelligence,2,No
INT0750,"By the end of the internship, I mostly had to figure things out on my own since nobody had time to explain anything. Additionally, onboarding was okay, some sessions were useful and others felt like they could've been an email. Hopefully this helps improve the program.",Negative,Mentorship,2,Human Resources,2,No
INT0751,"By the end of the internship, getting to see how decisions are made in real projects taught me more than any lecture. I picked up skills here that I doubt I would have learned this fast in a classroom. Also, overall it was an okay experience, some good parts and some parts I'd change. Just my two cents.",Positive,Learning,1,Web Development,4,Yes
INT0752,"Honestly, instructions for tasks were often vague, so I ended up redoing work more than once. Important updates about deadlines sometimes reached me only after they had already passed.",Negative,Communication,5,Business Development,3,No
INT0753,"For the most part, there was a lot of pressure in the air that made the environment feel stressful most days. That's just my honest take.",Negative,Work Environment,3,Marketing,1,No
INT0754,My coworkers were always willing to jump on a call and help troubleshoot with me.,Positive,Team Environment,5,Finance,3,Yes
INT0755,"The workload was manageable, which let me actually focus on doing good work instead of rushing. I never felt overwhelmed, and when things did get busy, my manager adjusted deadlines accordingly. On top of that, coworkers were nice enough, though most interactions stayed strictly work related. That's just my honest take.",Positive,Workload,3,Data Science,3,Yes
INT0756,"From my perspective, there wasn't a dedicated career development component, but I picked up a few useful tips along the way.",Neutral,Career Development,1,Finance,2,No
INT0757,"Honestly, the environment was fine, not particularly close-knit but not unfriendly either. Just my two cents.",Neutral,Team Environment,3,Business Development,4,No
INT0758,"To be fair, the workshops during the first week gave me a solid foundation for the rest of the internship.",Positive,Training,5,Artificial Intelligence,5,Yes
INT0759,"So far, the office had a comfortable, low-pressure atmosphere that made it easy to concentrate. I wanted to share this feedback for future improvement.",Positive,Work Environment,2,Marketing,5,Yes
INT0760,"From my perspective, there was no real effort to help interns think about next steps or career planning and I left without much clarity on what skills I should focus on for my career.",Negative,Career Development,6,Data Science,3,No
INT0761,"All things considered, I barely got to interact with the wider team beyond my direct supervisor. On top of that, I sat through hours of generic training videos that had nothing to do with my actual role.",Negative,Team Environment,3,Finance,1,Maybe
INT0762,"If I'm being honest, nobody really discussed growth opportunities or what a future role here might look like. Also, there was almost no mentorship structure, so I often felt left to guess what was expected. I wanted to share this feedback for future improvement.",Negative,Career Development,4,Software Development,1,No
INT0763,There was noticeable tension between some team members that made meetings uncomfortable.,Negative,Team Environment,1,Web Development,1,Maybe
INT0764,"Throughout the program, career advice came up occasionally in conversations but wasn't a structured part of the program. Also, the workload fluctuated a lot, some weeks were packed and others were almost too quiet. Others might have had a different experience though.",Neutral,Career Development,3,Machine Learning,2,No
INT0765,"Looking back, career advice came up occasionally in conversations but wasn't a structured part of the program. I wanted to share this feedback for future improvement.",Neutral,Career Development,3,Marketing,4,Maybe
INT0766,"Honestly, overall this internship fell short of what I was expecting when I accepted the offer. Others might have had a different experience though.",Negative,Overall Experience,6,Human Resources,1,No
INT0767,"From my perspective, I picked up some practical skills, though the internship leaned more toward repetition than discovery. Also, career advice came up occasionally in conversations but wasn't a structured part of the program.",Neutral,Learning,6,Finance,3,Maybe
INT0768,"Looking back, my manager took the time to explain the reasoning behind decisions rather than just handing out tasks. That said, everyone's experience can vary.",Positive,Mentorship,4,Software Development,4,Maybe
INT0769,I'd call this internship a genuinely valuable experience that shaped how I think about work. That's just my honest take.,Positive,Overall Experience,3,Business Development,5,Yes
INT0770,"If I'm being honest, I left without much clarity on what skills I should focus on for my career and nobody really discussed growth opportunities or what a future role here might look like. Hopefully this helps improve the program.",Negative,Career Development,3,Data Science,3,No
INT0771,"By the end of the internship, there was almost no formal training, I was expected to already know things I'd never used. That's just my honest take.",Negative,Training,6,Marketing,2,No
INT0772,"All things considered, instructions for tasks were often vague, so I ended up redoing work more than once. Also, there was almost no mentorship structure, so I often felt left to guess what was expected. That said, everyone's experience can vary.",Negative,Communication,5,Data Science,2,No
INT0773,"All things considered, I mostly had to figure things out on my own since nobody had time to explain anything and there was almost no mentorship structure, so I often felt left to guess what was expected. On top of that, the office felt disorganized, with unclear seating and outdated equipment for interns.",Negative,Mentorship,4,Marketing,3,No
INT0774,"So far, there was noticeable tension between some team members that made meetings uncomfortable. That's just my honest take.",Negative,Team Environment,6,Web Development,1,No
INT0775,"Throughout the program, I often felt like an outsider since most conversations happened without including interns and the team felt fragmented, with different people rarely talking to each other.",Negative,Team Environment,2,Human Resources,2,No
INT0776,"By the end of the internship, it was a fairly average internship, neither a highlight nor a disappointment. On top of that, coworkers were nice enough, though most interactions stayed strictly work related.",Neutral,Overall Experience,5,Marketing,2,Maybe
INT0777,"Throughout the program, I expected to pick up new technical skills, but the tasks never really required them.",Negative,Learning,1,Machine Learning,2,No
INT0778,"Throughout the program, the team culture was relaxed but still focused, which made coming to work genuinely enjoyable. I felt comfortable asking silly questions because nobody made me feel judged for it. Also, the training covered the basics adequately, though it felt a bit generic.",Positive,Team Environment,5,Machine Learning,3,Yes
INT0779,"Honestly, the team communicated fine for day-to-day tasks but bigger updates sometimes came late. Communication was decent overall, though sometimes emails took a day or two to get answered. Just my two cents.",Neutral,Communication,3,Machine Learning,3,No
INT0780,"By the end of the internship, the workload picked up so much toward the end that I had to work late several nights. That's just my honest take.",Negative,Workload,6,Artificial Intelligence,1,No
INT0781,"Looking back, I was assigned a mentor but our interactions were mostly limited to quick status updates and my mentor was available when needed but we didn't have a very structured relationship. Additionally, I picked up some practical skills, though the internship leaned more toward repetition than discovery.",Neutral,Mentorship,3,Software Development,3,Maybe
INT0782,I rarely got any real feedback from my supervisor beyond a quick 'looks good'.,Negative,Mentorship,6,Marketing,1,Maybe
INT0783,"Overall, there was no real effort to help interns think about next steps or career planning. Also, I came in hoping to learn a specific tool, but never actually got the chance to use it. Others might have had a different experience though.",Negative,Career Development,3,Finance,3,No
INT0784,"Overall, I was assigned a mentor but our interactions were mostly limited to quick status updates.",Neutral,Mentorship,5,Artificial Intelligence,3,Maybe
INT0785,"I walked away with a much better understanding of how production systems actually work. On top of that, the workload fluctuated a lot, some weeks were packed and others were almost too quiet.",Positive,Learning,3,Web Development,4,Maybe
INT0786,"All things considered, the training was standard, nothing outstanding but nothing missing either. Onboarding was okay, some sessions were useful and others felt like they could've been an email. I wanted to share this feedback for future improvement.",Neutral,Training,4,Software Development,3,Yes
INT0787,"So far, the workload was manageable, which let me actually focus on doing good work instead of rushing.",Positive,Workload,2,Finance,4,Yes
INT0788,"By the end of the internship, it was a fairly average internship, neither a highlight nor a disappointment and my overall take is mixed, there were things I liked and things that could be better. I wanted to share this feedback for future improvement.",Neutral,Overall Experience,3,Human Resources,4,No
INT0789,"To be fair, this internship gave me a much clearer picture of what career path I actually want to pursue. That said, everyone's experience can vary.",Positive,Career Development,4,Web Development,5,Maybe
INT0790,"If I'm being honest, nothing stood out about the environment, it was just a typical corporate setup. On top of that, there were learning opportunities here and there, but nothing that felt especially deep.",Neutral,Work Environment,1,Software Development,3,Maybe
INT0791,"For the most part, the onboarding was so rushed that I still had questions about basic tools weeks later. That said, my assigned mentor was too busy with their own work to actually guide me.",Negative,Training,5,Data Science,1,No
INT0792,"The office had a comfortable, low-pressure atmosphere that made it easy to concentrate. That said, everyone's experience can vary.",Positive,Work Environment,6,Marketing,5,Yes
INT0793,"Overall, the training materials were well organized and easy to follow even for a beginner. That said, I liked that the company trusted interns enough to work flexible hours when needed.",Positive,Training,4,Machine Learning,5,Yes
INT0794,"By the end of the internship, most of my days were spent on repetitive data entry that didn't require much thought. The work I did often felt like busywork rather than anything that mattered to the team. On top of that, I mostly had to figure things out on my own since nobody had time to explain anything.",Negative,Tasks,5,Artificial Intelligence,1,Yes
INT0795,"To be fair, there wasn't a dedicated career development component, but I picked up a few useful tips along the way. Others might have had a different experience though.",Neutral,Career Development,3,Marketing,2,Maybe
INT0796,"If I'm being honest, there was no real effort to help interns think about next steps or career planning and I left without much clarity on what skills I should focus on for my career. Also, resources like laptops and software licenses took weeks to sort out, which was frustrating. That said, everyone's experience can vary.",Negative,Career Development,2,Artificial Intelligence,2,Maybe
INT0797,"I sat through hours of generic training videos that had nothing to do with my actual role and the onboarding was so rushed that I still had questions about basic tools weeks later. Meanwhile, the work I did often felt like busywork rather than anything that mattered to the team.",Negative,Training,1,Data Science,1,Maybe
INT0798,"Overall, there were busy weeks, but overall the workload felt fair given my experience level. That said, I learned to use version control properly for the first time, and it's already paying off.",Positive,Workload,3,Machine Learning,5,Maybe
INT0799,"To be fair, I felt comfortable asking silly questions because nobody made me feel judged for it. The team culture was relaxed but still focused, which made coming to work genuinely enjoyable. That said, it was a fairly average internship, neither a highlight nor a disappointment. Others might have had a different experience though.",Positive,Team Environment,4,Software Development,3,Yes
INT0800,"In my experience, getting a straight answer to a simple question could take days, which slowed everything down.",Negative,Communication,6,Data Science,1,No
INT0801,"By the end of the internship, some days had engaging projects, others were mostly just formatting spreadsheets.",Neutral,Tasks,4,Data Science,3,No
INT0802,"Honestly, I liked that the company trusted interns enough to work flexible hours when needed and the overall environment felt professional but not stiff, which suited me well. Hopefully this helps improve the program.",Positive,Work Environment,2,Software Development,5,Yes
INT0803,"During my time here, career advice came up occasionally in conversations but wasn't a structured part of the program and I got a general sense of the industry, though not much specific career guidance.",Neutral,Career Development,2,Web Development,4,Maybe
INT0804,"Overall, the team communicated fine for day-to-day tasks but bigger updates sometimes came late.",Neutral,Communication,1,Finance,2,Yes
INT0805,"Honestly, I liked that the company trusted interns enough to work flexible hours when needed. On top of that, it was a fairly average internship, neither a highlight nor a disappointment. I wanted to share this feedback for future improvement.",Positive,Work Environment,5,Marketing,5,Yes
INT0806,"So far, I was often given more tasks than I could realistically finish within normal hours. On top of that, I left without much clarity on what skills I should focus on for my career.",Negative,Workload,4,Machine Learning,2,No
INT0807,"In my experience, the exposure to real industry work will definitely help me stand out when I apply for jobs and this internship gave me a much clearer picture of what career path I actually want to pursue.",Positive,Career Development,1,Artificial Intelligence,5,Yes
INT0808,"To be fair, I liked that the company trusted interns enough to work flexible hours when needed. On top of that, everyone on the team was friendly and made me feel included from the very first day. Just my two cents.",Positive,Work Environment,2,Machine Learning,5,Yes
INT0809,"All things considered, the pace was reasonable and left room for me to ask questions without falling behind. There were busy weeks, but overall the workload felt fair given my experience level. Meanwhile, getting to see how decisions are made in real projects taught me more than any lecture. That's just my honest take.",Positive,Workload,6,Software Development,4,Yes
INT0810,"Honestly, I expected to pick up new technical skills, but the tasks never really required them.",Negative,Learning,6,Finance,1,Yes
INT0811,"I never felt overwhelmed, and when things did get busy, my manager adjusted deadlines accordingly. That said, everyone's experience can vary.",Positive,Workload,3,Finance,5,Yes
INT0812,"Looking back, most of my days were spent on repetitive data entry that didn't require much thought. On top of that, I mostly had to figure things out on my own since nobody had time to explain anything.",Negative,Tasks,1,Data Science,1,No
INT0813,"To be fair, nobody really discussed growth opportunities or what a future role here might look like. Just my two cents.",Negative,Career Development,3,Human Resources,2,No
INT0814,"All things considered, the pace was reasonable and left room for me to ask questions without falling behind and there were busy weeks, but overall the workload felt fair given my experience level.",Positive,Workload,5,Artificial Intelligence,4,Yes
INT0815,"In my experience, I was rarely given tasks that felt connected to any bigger project or goal. The work I did often felt like busywork rather than anything that mattered to the team. That said, everyone's experience can vary.",Negative,Tasks,4,Human Resources,1,Maybe
INT0816,"From my perspective, the team felt fragmented, with different people rarely talking to each other and I often felt like an outsider since most conversations happened without including interns. Hopefully this helps improve the program.",Negative,Team Environment,6,Human Resources,3,No
INT0817,"Throughout the program, coworkers were nice enough, though most interactions stayed strictly work related. Also, my overall take is mixed, there were things I liked and things that could be better. Just my two cents.",Neutral,Team Environment,5,Human Resources,3,No
INT0818,"So far, there was no real effort to help interns think about next steps or career planning. I left without much clarity on what skills I should focus on for my career. That said, everyone's experience can vary.",Negative,Career Development,2,Web Development,2,Maybe
INT0819,"All things considered, I felt constantly behind because new tasks kept piling up before I finished the last ones. Also, the onboarding was so rushed that I still had questions about basic tools weeks later. That's just my honest take.",Negative,Workload,1,Marketing,1,No
INT0820,"So far, my assigned mentor was too busy with their own work to actually guide me. Hopefully this helps improve the program.",Negative,Mentorship,6,Business Development,1,Maybe
INT0821,The workload picked up so much toward the end that I had to work late several nights. That's just my honest take.,Negative,Workload,2,Artificial Intelligence,2,No
INT0822,"Overall, coworkers were nice enough, though most interactions stayed strictly work related. That's just my honest take.",Neutral,Team Environment,3,Web Development,2,Maybe
INT0823,"To be fair, there was almost no formal training, I was expected to already know things I'd never used and the training materials were outdated and didn't match the tools we actually used day to day.",Negative,Training,2,Web Development,1,Maybe
INT0824,"Throughout the program, I got genuinely useful advice on my resume and how to prepare for future interviews and the exposure to real industry work will definitely help me stand out when I apply for jobs.",Positive,Career Development,4,Human Resources,5,Yes
INT0825,"Throughout the program, the training materials were outdated and didn't match the tools we actually used day to day. I wanted to share this feedback for future improvement.",Negative,Training,4,Artificial Intelligence,3,Yes
INT0826,"So far, the team was polite but mostly kept to themselves, so bonding took a while.",Neutral,Team Environment,5,Business Development,3,Maybe
INT0827,"By the end of the internship, overall this internship fell short of what I was expecting when I accepted the offer.",Negative,Overall Experience,4,Artificial Intelligence,2,No
INT0828,"Overall, the office had a comfortable, low-pressure atmosphere that made it easy to concentrate. Additionally, the workload was manageable, which let me actually focus on doing good work instead of rushing. That's just my honest take.",Positive,Work Environment,5,Finance,5,Maybe
INT0829,"I never had to chase people for information, everything was communicated clearly upfront. Feedback on my work came promptly and was specific enough to actually act on.",Positive,Communication,5,Finance,4,Maybe
INT0830,"I expected to pick up new technical skills, but the tasks never really required them. Just my two cents.",Negative,Learning,5,Software Development,1,Yes
INT0831,"From my perspective, looking back, I'm glad I chose this internship over the other offers I had. Meanwhile, the tasks were fine, a mix of interesting bits and some routine administrative work. I wanted to share this feedback for future improvement.",Positive,Overall Experience,1,Data Science,4,Yes
INT0832,"Throughout the program, I came in hoping to learn a specific tool, but never actually got the chance to use it. Also, resources like laptops and software licenses took weeks to sort out, which was frustrating.",Negative,Learning,6,Artificial Intelligence,1,No
INT0833,"So far, some days had engaging projects, others were mostly just formatting spreadsheets. That's just my honest take.",Neutral,Tasks,6,Data Science,4,Maybe
INT0834,"Overall, it was manageable most of the time, though a couple of deadlines felt a bit tight. Just my two cents.",Neutral,Workload,4,Marketing,2,Maybe
INT0835,"Whenever priorities shifted, someone made sure to explain why, which I really appreciated and the team was upfront about expectations from day one, which made planning my work much easier. That said, everyone's experience can vary.",Positive,Communication,3,Machine Learning,4,Yes
INT0836,"During my time here, the workload fluctuated a lot, some weeks were packed and others were almost too quiet. Others might have had a different experience though.",Neutral,Workload,6,Business Development,3,Yes
INT0837,"For the most part, getting to see how decisions are made in real projects taught me more than any lecture. Just my two cents.",Positive,Learning,6,Machine Learning,4,Yes
INT0838,"All things considered, I was often given more tasks than I could realistically finish within normal hours. I wanted to share this feedback for future improvement.",Negative,Workload,4,Machine Learning,2,No
INT0839,"If I'm being honest, the office had a comfortable, low-pressure atmosphere that made it easy to concentrate. That said, everyone's experience can vary.",Positive,Work Environment,5,Marketing,3,Yes
INT0840,"All things considered, I picked up skills here that I doubt I would have learned this fast in a classroom. Just my two cents.",Positive,Learning,3,Software Development,5,Maybe
INT0841,"By the end of the internship, I was rarely given tasks that felt connected to any bigger project or goal. I wanted to share this feedback for future improvement.",Negative,Tasks,1,Artificial Intelligence,2,Maybe
INT0842,Our stand-up meetings were short but genuinely useful for staying aligned with the team.,Positive,Communication,3,Data Science,5,Yes
INT0843,"Looking back, overall this internship exceeded what I expected going in and I'd recommend it to a friend. Looking back, I'm glad I chose this internship over the other offers I had. On top of that, I got genuinely useful advice on my resume and how to prepare for future interviews. I wanted to share this feedback for future improvement.",Positive,Overall Experience,2,Data Science,5,Yes
INT0844,"Communication was decent overall, though sometimes emails took a day or two to get answered. Others might have had a different experience though.",Neutral,Communication,4,Business Development,4,Maybe
INT0845,"All things considered, the work environment was ordinary, similar to what I expected from an office internship. Hopefully this helps improve the program.",Neutral,Work Environment,3,Human Resources,3,Maybe
INT0846,"By the end of the internship, there were learning opportunities here and there, but nothing that felt especially deep.",Neutral,Learning,5,Data Science,2,Maybe
INT0847,"To be fair, the team communicated fine for day-to-day tasks but bigger updates sometimes came late. Additionally, overall it was an okay experience, some good parts and some parts I'd change. I wanted to share this feedback for future improvement.",Neutral,Communication,6,Human Resources,2,No
INT0848,"So far, the workload picked up so much toward the end that I had to work late several nights. I wanted to share this feedback for future improvement.",Negative,Workload,5,Artificial Intelligence,2,No
INT0849,"It was a fairly average internship, neither a highlight nor a disappointment. Others might have had a different experience though.",Neutral,Overall Experience,4,Web Development,3,No
INT0850,"For the most part, my assigned mentor was too busy with their own work to actually guide me.",Negative,Mentorship,2,Finance,1,No
INT0851,"Throughout the program, overall this internship exceeded what I expected going in and I'd recommend it to a friend. I'd call this internship a genuinely valuable experience that shaped how I think about work. That said, everyone's experience can vary.",Positive,Overall Experience,1,Business Development,4,Yes
INT0852,"In my experience, my mentor was available when needed but we didn't have a very structured relationship. Others might have had a different experience though.",Neutral,Mentorship,4,Finance,3,No
INT0853,"All things considered, most of my days were spent on repetitive data entry that didn't require much thought. Also, I felt constantly behind because new tasks kept piling up before I finished the last ones.",Negative,Tasks,4,Marketing,2,No
INT0854,"If I'm being honest, my coworkers were always willing to jump on a call and help troubleshoot with me and everyone on the team was friendly and made me feel included from the very first day. Others might have had a different experience though.",Positive,Team Environment,4,Artificial Intelligence,4,Yes
INT0855,"There was almost no mentorship structure, so I often felt left to guess what was expected.",Negative,Mentorship,6,Software Development,2,Maybe
INT0856,"Honestly, most of what I did was so repetitive that there wasn't much room to actually learn anything new. Additionally, I often felt like an outsider since most conversations happened without including interns. That said, everyone's experience can vary.",Negative,Learning,4,Finance,2,No
INT0857,"So far, getting a straight answer to a simple question could take days, which slowed everything down. That said, I often felt like an outsider since most conversations happened without including interns. Others might have had a different experience though.",Negative,Communication,5,Web Development,3,Maybe
INT0858,"Overall, workload was about average, nothing that felt unreasonable but not exactly relaxed either.",Neutral,Workload,3,Marketing,3,Maybe
INT0859,"In my experience, the workload picked up so much toward the end that I had to work late several nights. That's just my honest take.",Negative,Workload,6,Business Development,1,No
INT0860,"From my perspective, being thrown into real projects forced me to learn tools I'd only read about before.",Positive,Learning,1,Finance,5,Yes
INT0861,"Looking back, I wouldn't say this was a particularly rewarding experience.",Negative,Overall Experience,3,Marketing,2,No
INT0862,"The team was polite but mostly kept to themselves, so bonding took a while. Meanwhile, there wasn't a dedicated career development component, but I picked up a few useful tips along the way. That's just my honest take.",Neutral,Team Environment,1,Business Development,3,No
INT0863,"During my time here, looking back, I wouldn't say this was a particularly rewarding experience.",Negative,Overall Experience,3,Marketing,3,No
INT0864,"So far, I could always reach out to my team lead when I got stuck, and they never made me feel dumb for asking. Hopefully this helps improve the program.",Positive,Mentorship,4,Marketing,5,Yes
INT0865,"From my perspective, the office felt disorganized, with unclear seating and outdated equipment for interns.",Negative,Work Environment,2,Artificial Intelligence,1,No
INT0866,"So far, the workload fluctuated a lot, some weeks were packed and others were almost too quiet. Others might have had a different experience though.",Neutral,Workload,5,Marketing,2,Maybe
INT0867,"The pace was reasonable and left room for me to ask questions without falling behind and there were busy weeks, but overall the workload felt fair given my experience level.",Positive,Workload,6,Human Resources,5,Maybe
INT0868,"From my perspective, this internship gave me a much clearer picture of what career path I actually want to pursue.",Positive,Career Development,3,Finance,5,Yes
INT0869,"Looking back, everyone on the team was friendly and made me feel included from the very first day. That said, overall this internship exceeded what I expected going in and I'd recommend it to a friend. That's just my honest take.",Positive,Team Environment,3,Web Development,5,Yes
INT0870,"In my experience, I learned to use version control properly for the first time, and it's already paying off.",Positive,Learning,6,Artificial Intelligence,4,Yes
INT0871,"In my experience, there wasn't a dedicated career development component, but I picked up a few useful tips along the way. I got a general sense of the industry, though not much specific career guidance.",Neutral,Career Development,3,Web Development,2,No
INT0872,"The onboarding was so rushed that I still had questions about basic tools weeks later and the training materials were outdated and didn't match the tools we actually used day to day. Also, the team communicated fine for day-to-day tasks but bigger updates sometimes came late.",Negative,Training,5,Human Resources,2,No
INT0873,"Throughout the program, whenever priorities shifted, someone made sure to explain why, which I really appreciated and our stand-up meetings were short but genuinely useful for staying aligned with the team. Additionally, the team culture was relaxed but still focused, which made coming to work genuinely enjoyable. Others might have had a different experience though.",Positive,Communication,3,Artificial Intelligence,4,Yes
INT0874,"For the most part, I learned a few new things, but a lot of it was stuff I already knew from school. There were learning opportunities here and there, but nothing that felt especially deep. Hopefully this helps improve the program.",Neutral,Learning,6,Business Development,3,Maybe
INT0875,"In my experience, the tasks assigned to me didn't match the job description at all. Also, I didn't feel like I learned much beyond what I already knew coming in. That said, everyone's experience can vary.",Negative,Tasks,5,Business Development,2,No
INT0876,"From my perspective, instructions for tasks were often vague, so I ended up redoing work more than once and getting a straight answer to a simple question could take days, which slowed everything down. Others might have had a different experience though.",Negative,Communication,5,Web Development,3,Maybe
INT0877,"If I'm being honest, onboarding was okay, some sessions were useful and others felt like they could've been an email. That said, the team communicated fine for day-to-day tasks but bigger updates sometimes came late.",Neutral,Training,3,Business Development,3,No
INT0878,"In my experience, I got genuinely useful advice on my resume and how to prepare for future interviews. The exposure to real industry work will definitely help me stand out when I apply for jobs. That said, everyone's experience can vary.",Positive,Career Development,2,Business Development,4,Maybe
INT0879,"For the most part, overall it was an okay experience, some good parts and some parts I'd change and it was a fairly average internship, neither a highlight nor a disappointment. Others might have had a different experience though.",Neutral,Overall Experience,4,Marketing,3,Yes
INT0880,There was no real effort to help interns think about next steps or career planning and nobody really discussed growth opportunities or what a future role here might look like.,Negative,Career Development,3,Business Development,2,No
INT0881,"Instructions for tasks were often vague, so I ended up redoing work more than once.",Negative,Communication,1,Machine Learning,2,No
INT0882,"For the most part, there was noticeable tension between some team members that made meetings uncomfortable. Also, it was a fairly average internship, neither a highlight nor a disappointment. Others might have had a different experience though.",Negative,Team Environment,5,Data Science,3,Yes
INT0883,"Throughout the program, I sat through hours of generic training videos that had nothing to do with my actual role. That's just my honest take.",Negative,Training,4,Machine Learning,2,No
INT0884,"If I'm being honest, overall this internship exceeded what I expected going in and I'd recommend it to a friend and looking back, I'm glad I chose this internship over the other offers I had. Just my two cents.",Positive,Overall Experience,4,Machine Learning,5,Yes
INT0885,"Information usually reached me eventually, just not always as fast as I would have liked. That said, everyone's experience can vary.",Neutral,Communication,5,Business Development,3,No
INT0886,"Looking back, there was noticeable tension between some team members that made meetings uncomfortable.",Negative,Team Environment,1,Software Development,1,Maybe
INT0887,"From my perspective, overall it was an okay experience, some good parts and some parts I'd change. That said, I picked up some practical skills, though the internship leaned more toward repetition than discovery.",Neutral,Overall Experience,2,Web Development,4,Maybe
INT0888,"Honestly, overall this internship exceeded what I expected going in and I'd recommend it to a friend.",Positive,Overall Experience,2,Business Development,5,Yes
INT0889,"During my time here, my mentor was available when needed but we didn't have a very structured relationship and I was assigned a mentor but our interactions were mostly limited to quick status updates.",Neutral,Mentorship,1,Human Resources,3,No
INT0890,"Honestly, I finished the internship feeling like I didn't get much value out of the time I put in. Just my two cents.",Negative,Overall Experience,3,Data Science,2,No
INT0891,"Workload was about average, nothing that felt unreasonable but not exactly relaxed either. The workload fluctuated a lot, some weeks were packed and others were almost too quiet.",Neutral,Workload,3,Machine Learning,3,Maybe
INT0892,"The office felt disorganized, with unclear seating and outdated equipment for interns and there was a lot of pressure in the air that made the environment feel stressful most days. I wanted to share this feedback for future improvement.",Negative,Work Environment,6,Business Development,1,No
INT0893,"To be fair, my mentor always made time to answer questions, even when things got busy and I had a mentor who genuinely cared about my growth and checked in regularly. On top of that, I got genuinely useful advice on my resume and how to prepare for future interviews. Just my two cents.",Positive,Mentorship,2,Finance,4,Yes
INT0894,"Looking back, feedback on my work came promptly and was specific enough to actually act on and updates about project changes always reached me quickly, so I rarely felt out of the loop. On top of that, I learned to use version control properly for the first time, and it's already paying off.",Positive,Communication,3,Marketing,5,Yes
INT0895,"In my experience, the training materials were well organized and easy to follow even for a beginner. That's just my honest take.",Positive,Training,6,Finance,4,Yes
INT0896,"Overall, my overall take is mixed, there were things I liked and things that could be better.",Neutral,Overall Experience,1,Web Development,3,Maybe
INT0897,"Honestly, I appreciated that my work actually got used by the team instead of sitting in a drawer. The projects I worked on felt meaningful, not just busywork to fill the days. That said, the team culture was relaxed but still focused, which made coming to work genuinely enjoyable. Just my two cents.",Positive,Tasks,4,Marketing,5,Yes
INT0898,"By the end of the internship, the workload fluctuated a lot, some weeks were packed and others were almost too quiet and it was manageable most of the time, though a couple of deadlines felt a bit tight. That said, coworkers were nice enough, though most interactions stayed strictly work related. Just my two cents.",Neutral,Workload,3,Artificial Intelligence,3,Maybe
INT0899,"In my experience, the training covered the basics adequately, though it felt a bit generic. Onboarding was okay, some sessions were useful and others felt like they could've been an email. That said, everyone's experience can vary.",Neutral,Training,5,Software Development,3,Yes
INT0900,"It was a fairly average internship, neither a highlight nor a disappointment. Overall it was an okay experience, some good parts and some parts I'd change.",Neutral,Overall Experience,1,Human Resources,4,Maybe
INT0901,"By the end of the internship, resources like laptops and software licenses took weeks to sort out, which was frustrating. On top of that, I was rarely given tasks that felt connected to any bigger project or goal.",Negative,Work Environment,3,Machine Learning,3,Maybe
INT0902,"By the end of the internship, some days had engaging projects, others were mostly just formatting spreadsheets and the tasks were fine, a mix of interesting bits and some routine administrative work. Also, I was assigned a mentor but our interactions were mostly limited to quick status updates. Just my two cents.",Neutral,Tasks,3,Web Development,2,Maybe
INT0903,"By the end of the internship, I worked on a reasonable variety of tasks, though none of them felt particularly high-impact. I wanted to share this feedback for future improvement.",Neutral,Tasks,2,Web Development,4,Yes
INT0904,"By the end of the internship, the overall environment felt professional but not stiff, which suited me well. I liked that the company trusted interns enough to work flexible hours when needed. Also, overall this internship exceeded what I expected going in and I'd recommend it to a friend.",Positive,Work Environment,3,Human Resources,4,Yes
INT0905,"By the end of the internship, it was manageable most of the time, though a couple of deadlines felt a bit tight. That said, the training was standard, nothing outstanding but nothing missing either. That's just my honest take.",Neutral,Workload,4,Data Science,3,Maybe
INT0906,"In my experience, the pace was reasonable and left room for me to ask questions without falling behind. I wanted to share this feedback for future improvement.",Positive,Workload,1,Finance,5,Maybe
INT0907,"If I'm being honest, the office felt disorganized, with unclear seating and outdated equipment for interns. There was a lot of pressure in the air that made the environment feel stressful most days. That said, my assigned mentor was too busy with their own work to actually guide me. Just my two cents.",Negative,Work Environment,6,Web Development,1,No
INT0908,"By the end of the internship, Slack messages got answered most of the time, though not always the same day. On top of that, the work environment was ordinary, similar to what I expected from an office internship. That said, everyone's experience can vary.",Neutral,Communication,4,Business Development,3,Maybe
INT0909,"For the most part, I kept doing the same small task over and over with little variation for weeks. Also, there was almost no formal training, I was expected to already know things I'd never used. That said, everyone's experience can vary.",Negative,Tasks,5,Marketing,3,Maybe
INT0910,"In my experience, the assignments were straightforward and predictable for the most part and I worked on a reasonable variety of tasks, though none of them felt particularly high-impact. Others might have had a different experience though.",Neutral,Tasks,4,Business Development,3,Maybe
INT0911,"By the end of the internship, whenever priorities shifted, someone made sure to explain why, which I really appreciated.",Positive,Communication,1,Machine Learning,5,Yes
INT0912,"All things considered, most of my days were spent on repetitive data entry that didn't require much thought. Meanwhile, nobody really discussed growth opportunities or what a future role here might look like.",Negative,Tasks,6,Business Development,1,Yes
INT0913,"To be fair, there was a real disconnect between what one manager said and what another expected. Hopefully this helps improve the program.",Negative,Communication,3,Human Resources,2,Maybe
INT0914,"If I'm being honest, workload was about average, nothing that felt unreasonable but not exactly relaxed either. The workload fluctuated a lot, some weeks were packed and others were almost too quiet. Hopefully this helps improve the program.",Neutral,Workload,4,Finance,3,Maybe
INT0915,"All things considered, I came in hoping to learn a specific tool, but never actually got the chance to use it.",Negative,Learning,3,Marketing,1,No
INT0916,"My manager took the time to explain the reasoning behind decisions rather than just handing out tasks. Also, I walked away with a much better understanding of how production systems actually work. That said, everyone's experience can vary.",Positive,Mentorship,4,Machine Learning,3,Yes
INT0917,"To be fair, the tasks were fine, a mix of interesting bits and some routine administrative work. That's just my honest take.",Neutral,Tasks,4,Web Development,3,Maybe
INT0918,"Looking back, workload was about average, nothing that felt unreasonable but not exactly relaxed either. The workload fluctuated a lot, some weeks were packed and others were almost too quiet. Additionally, the learning curve was gentle, maybe too gentle for someone who wanted more of a challenge. That's just my honest take.",Neutral,Workload,2,Business Development,3,Maybe
INT0919,"All things considered, the training was standard, nothing outstanding but nothing missing either and onboarding was okay, some sessions were useful and others felt like they could've been an email.",Neutral,Training,2,Software Development,2,No
INT0920,"The learning curve was gentle, maybe too gentle for someone who wanted more of a challenge. Others might have had a different experience though.",Neutral,Learning,1,Artificial Intelligence,2,No
INT0921,"By the end of the internship, I felt comfortable asking silly questions because nobody made me feel judged for it and my coworkers were always willing to jump on a call and help troubleshoot with me. That said, the team communicated fine for day-to-day tasks but bigger updates sometimes came late. Just my two cents.",Positive,Team Environment,5,Human Resources,5,Maybe
INT0922,"Throughout the program, I worked on a reasonable variety of tasks, though none of them felt particularly high-impact. Hopefully this helps improve the program.",Neutral,Tasks,4,Finance,3,Maybe
INT0923,"Throughout the program, the team communicated fine for day-to-day tasks but bigger updates sometimes came late. Information usually reached me eventually, just not always as fast as I would have liked. Additionally, the environment was fine, not particularly close-knit but not unfriendly either.",Neutral,Communication,2,Marketing,3,No
INT0924,"During my time here, the one-on-one sessions with my mentor were probably the most valuable part of the internship.",Positive,Mentorship,5,Web Development,4,Maybe
INT0925,"To be fair, the workload fluctuated a lot, some weeks were packed and others were almost too quiet. It was manageable most of the time, though a couple of deadlines felt a bit tight. Also, onboarding was okay, some sessions were useful and others felt like they could've been an email. That's just my honest take.",Neutral,Workload,5,Artificial Intelligence,4,No
INT0926,"It was a fairly average internship, neither a highlight nor a disappointment. My overall take is mixed, there were things I liked and things that could be better. Additionally, the work environment was ordinary, similar to what I expected from an office internship. That said, everyone's experience can vary.",Neutral,Overall Experience,2,Machine Learning,4,Yes
INT0927,"The team felt fragmented, with different people rarely talking to each other. Others might have had a different experience though.",Negative,Team Environment,1,Business Development,1,No
INT0928,"For the most part, overall this internship fell short of what I was expecting when I accepted the offer. Looking back, I wouldn't say this was a particularly rewarding experience.",Negative,Overall Experience,5,Human Resources,2,No
INT0929,"The environment was fine, not particularly close-knit but not unfriendly either.",Neutral,Team Environment,5,Machine Learning,3,Yes
INT0930,"Throughout the program, there wasn't a dedicated career development component, but I picked up a few useful tips along the way.",Neutral,Career Development,6,Artificial Intelligence,3,Maybe
INT0931,"Whenever priorities shifted, someone made sure to explain why, which I really appreciated. That said, everyone's experience can vary.",Positive,Communication,4,Data Science,4,Yes
INT0932,"In my experience, my mentor pushed me to think through problems myself instead of just giving answers. That's just my honest take.",Positive,Mentorship,6,Software Development,5,Yes
INT0933,"Looking back, I felt constantly behind because new tasks kept piling up before I finished the last ones. That's just my honest take.",Negative,Workload,2,Human Resources,1,No
INT0934,"To be fair, the workload fluctuated a lot, some weeks were packed and others were almost too quiet. Just my two cents.",Neutral,Workload,3,Data Science,3,Maybe
INT0935,"Looking back, I sat through hours of generic training videos that had nothing to do with my actual role. The training materials were outdated and didn't match the tools we actually used day to day.",Negative,Training,5,Marketing,1,No
INT0936,"There was noticeable tension between some team members that made meetings uncomfortable. Additionally, I finished the internship feeling like I didn't get much value out of the time I put in. Hopefully this helps improve the program.",Negative,Team Environment,2,Web Development,1,Maybe
INT0937,"From my perspective, communication between departments was so poor that tasks sometimes contradicted each other and important updates about deadlines sometimes reached me only after they had already passed. That said, everyone's experience can vary.",Negative,Communication,5,Marketing,2,No
INT0938,"The onboarding sessions covered exactly what I needed to get started without wasting time and I appreciated that training wasn't rushed, we actually had time to practice before doing real work.",Positive,Training,3,Human Resources,5,Yes
INT0939,"Looking back, the training covered the basics adequately, though it felt a bit generic.",Neutral,Training,4,Finance,3,Maybe
INT0940,"So far, the team was polite but mostly kept to themselves, so bonding took a while. That said, onboarding was okay, some sessions were useful and others felt like they could've been an email.",Neutral,Team Environment,2,Business Development,2,Maybe
INT0941,"Honestly, it was manageable most of the time, though a couple of deadlines felt a bit tight. The workload fluctuated a lot, some weeks were packed and others were almost too quiet. Meanwhile, the learning curve was gentle, maybe too gentle for someone who wanted more of a challenge.",Neutral,Workload,1,Data Science,3,Maybe
INT0942,"So far, the workshops during the first week gave me a solid foundation for the rest of the internship. On top of that, my manager took the time to explain the reasoning behind decisions rather than just handing out tasks. That's just my honest take.",Positive,Training,1,Machine Learning,4,Yes
INT0943,"If I'm being honest, important updates about deadlines sometimes reached me only after they had already passed and communication between departments was so poor that tasks sometimes contradicted each other.",Negative,Communication,3,Data Science,2,No
INT0944,"In my experience, I kept doing the same small task over and over with little variation for weeks.",Negative,Tasks,4,Machine Learning,1,No
INT0945,"Throughout the program, coworkers were nice enough, though most interactions stayed strictly work related. That said, everyone's experience can vary.",Neutral,Team Environment,4,Business Development,2,Maybe
INT0946,"Looking back, overall this internship exceeded what I expected going in and I'd recommend it to a friend.",Positive,Overall Experience,3,Human Resources,4,Maybe
INT0947,"Honestly, it was a fairly average internship, neither a highlight nor a disappointment and overall it was an okay experience, some good parts and some parts I'd change. Just my two cents.",Neutral,Overall Experience,2,Web Development,3,Maybe
INT0948,"To be fair, most of what I did was so repetitive that there wasn't much room to actually learn anything new. Also, I left without much clarity on what skills I should focus on for my career. I wanted to share this feedback for future improvement.",Negative,Learning,2,Machine Learning,1,No
INT0949,"Looking back, communication was decent overall, though sometimes emails took a day or two to get answered. Also, there were learning opportunities here and there, but nothing that felt especially deep. Others might have had a different experience though.",Neutral,Communication,2,Business Development,3,Maybe
INT0950,"Career advice came up occasionally in conversations but wasn't a structured part of the program and there wasn't a dedicated career development component, but I picked up a few useful tips along the way. That's just my honest take.",Neutral,Career Development,6,Data Science,3,No
INT0951,"If I'm being honest, there wasn't a dedicated career development component, but I picked up a few useful tips along the way. Career advice came up occasionally in conversations but wasn't a structured part of the program.",Neutral,Career Development,4,Business Development,3,No
INT0952,"Throughout the program, the team was upfront about expectations from day one, which made planning my work much easier. That said, the training was standard, nothing outstanding but nothing missing either.",Positive,Communication,4,Web Development,3,Maybe
INT0953,"If I'm being honest, there was no real effort to help interns think about next steps or career planning. That's just my honest take.",Negative,Career Development,4,Human Resources,2,No
INT0954,"Mentorship existed on paper but in practice it depended a lot on how busy people were and I got occasional guidance from senior staff, though it wasn't consistent week to week. Additionally, there wasn't a dedicated career development component, but I picked up a few useful tips along the way. That said, everyone's experience can vary.",Neutral,Mentorship,6,Artificial Intelligence,3,Maybe
INT0955,"If I'm being honest, I learned to use version control properly for the first time, and it's already paying off. Additionally, I appreciated that my work actually got used by the team instead of sitting in a drawer. Just my two cents.",Positive,Learning,6,Software Development,5,Maybe
INT0956,"By the end of the internship, I liked that the company trusted interns enough to work flexible hours when needed. The office had a comfortable, low-pressure atmosphere that made it easy to concentrate. Also, the training was standard, nothing outstanding but nothing missing either. Hopefully this helps improve the program.",Positive,Work Environment,1,Human Resources,5,Yes
INT0957,"Overall, everyone on the team was friendly and made me feel included from the very first day. That said, the workload was manageable, which let me actually focus on doing good work instead of rushing.",Positive,Team Environment,5,Web Development,5,Yes
INT0958,"If I'm being honest, the overall environment felt professional but not stiff, which suited me well. That said, everyone's experience can vary.",Positive,Work Environment,4,Software Development,5,Yes
INT0959,"By the end of the internship, I came in hoping to learn a specific tool, but never actually got the chance to use it.",Negative,Learning,6,Web Development,1,No
INT0960,"Overall, the mentorship felt fine, not particularly memorable, just standard check-ins. Additionally, the training was standard, nothing outstanding but nothing missing either.",Neutral,Mentorship,2,Artificial Intelligence,3,Yes
INT0961,"From my perspective, I finished the internship feeling like I didn't get much value out of the time I put in. That said, everyone's experience can vary.",Negative,Overall Experience,4,Human Resources,2,No
INT0962,"All things considered, I liked that the company trusted interns enough to work flexible hours when needed. That said, the training materials were well organized and easy to follow even for a beginner.",Positive,Work Environment,5,Machine Learning,5,Yes
INT0963,"If I'm being honest, I was assigned a mentor but our interactions were mostly limited to quick status updates and my mentor was available when needed but we didn't have a very structured relationship.",Neutral,Mentorship,5,Human Resources,3,Maybe
INT0964,"Throughout the program, I left without much clarity on what skills I should focus on for my career. There was no real effort to help interns think about next steps or career planning. That said, I came in hoping to learn a specific tool, but never actually got the chance to use it.",Negative,Career Development,3,Business Development,2,No
INT0965,"Overall, I often felt like an outsider since most conversations happened without including interns and I barely got to interact with the wider team beyond my direct supervisor.",Negative,Team Environment,2,Data Science,2,Maybe
INT0966,"During my time here, the exposure to real datasets taught me more about data cleaning than any course did. I learned to use version control properly for the first time, and it's already paying off. I wanted to share this feedback for future improvement.",Positive,Learning,3,Human Resources,5,Yes
INT0967,"All things considered, I sat through hours of generic training videos that had nothing to do with my actual role and the onboarding was so rushed that I still had questions about basic tools weeks later. Just my two cents.",Negative,Training,4,Machine Learning,3,Maybe
INT0968,"Looking back, the pace was reasonable and left room for me to ask questions without falling behind.",Positive,Workload,4,Marketing,5,Yes
INT0969,"I got occasional guidance from senior staff, though it wasn't consistent week to week. The mentorship felt fine, not particularly memorable, just standard check-ins. That said, everyone's experience can vary.",Neutral,Mentorship,4,Artificial Intelligence,3,Yes
INT0970,"It was a fairly average internship, neither a highlight nor a disappointment. Overall it was an okay experience, some good parts and some parts I'd change. That said, everyone's experience can vary.",Neutral,Overall Experience,6,Marketing,3,No
INT0971,"In my experience, I expected to pick up new technical skills, but the tasks never really required them.",Negative,Learning,4,Software Development,1,Maybe
INT0972,"From my perspective, the one-on-one sessions with my mentor were probably the most valuable part of the internship.",Positive,Mentorship,2,Finance,5,Yes
INT0973,"All things considered, overall this internship exceeded what I expected going in and I'd recommend it to a friend. That said, communication was decent overall, though sometimes emails took a day or two to get answered. I wanted to share this feedback for future improvement.",Positive,Overall Experience,1,Marketing,5,Maybe
INT0974,"The overall environment felt professional but not stiff, which suited me well. Just my two cents.",Positive,Work Environment,4,Artificial Intelligence,4,Yes
INT0975,"From my perspective, I could always reach out to my team lead when I got stuck, and they never made me feel dumb for asking. I wanted to share this feedback for future improvement.",Positive,Mentorship,1,Data Science,4,Yes
INT0976,"All things considered, I finished the internship feeling like I didn't get much value out of the time I put in. On top of that, I often felt like an outsider since most conversations happened without including interns.",Negative,Overall Experience,3,Data Science,1,No
INT0977,"For the most part, the exposure to real industry work will definitely help me stand out when I apply for jobs. This internship gave me a much clearer picture of what career path I actually want to pursue. That's just my honest take.",Positive,Career Development,3,Finance,5,Yes
INT0978,"If I'm being honest, overall it was an okay experience, some good parts and some parts I'd change. Meanwhile, it was manageable most of the time, though a couple of deadlines felt a bit tight. That's just my honest take.",Neutral,Overall Experience,3,Machine Learning,3,Maybe
INT0979,"Honestly, seeing how the full-time employees approached their work helped me set realistic career goals. This internship gave me a much clearer picture of what career path I actually want to pursue.",Positive,Career Development,4,Web Development,5,Yes
INT0980,"To be fair, the work I did often felt like busywork rather than anything that mattered to the team. I was rarely given tasks that felt connected to any bigger project or goal. Others might have had a different experience though.",Negative,Tasks,6,Business Development,1,No
INT0981,"I got a general sense of the industry, though not much specific career guidance. Others might have had a different experience though.",Neutral,Career Development,2,Web Development,3,Yes
INT0982,"From my perspective, overall this internship exceeded what I expected going in and I'd recommend it to a friend. Looking back, I'm glad I chose this internship over the other offers I had. That said, everyone's experience can vary.",Positive,Overall Experience,1,Business Development,5,Yes
INT0983,"For the most part, the training covered the basics adequately, though it felt a bit generic and onboarding was okay, some sessions were useful and others felt like they could've been an email. Hopefully this helps improve the program.",Neutral,Training,5,Business Development,4,Maybe
INT0984,"In my experience, the team communicated fine for day-to-day tasks but bigger updates sometimes came late.",Neutral,Communication,3,Machine Learning,3,Maybe
INT0985,"The assignments were straightforward and predictable for the most part. On top of that, the training covered the basics adequately, though it felt a bit generic.",Neutral,Tasks,5,Web Development,2,Yes
INT0986,"All things considered, I'd call this internship a genuinely valuable experience that shaped how I think about work and looking back, I'm glad I chose this internship over the other offers I had. On top of that, I had a mentor who genuinely cared about my growth and checked in regularly.",Positive,Overall Experience,4,Software Development,3,Yes
INT0987,"Throughout the program, I'd call this internship a genuinely valuable experience that shaped how I think about work.",Positive,Overall Experience,6,Finance,5,Yes
INT0988,"For the most part, overall it was an okay experience, some good parts and some parts I'd change. On top of that, coworkers were nice enough, though most interactions stayed strictly work related. Hopefully this helps improve the program.",Neutral,Overall Experience,4,Business Development,3,Maybe
INT0989,"Overall, the workload fluctuated a lot, some weeks were packed and others were almost too quiet and it was manageable most of the time, though a couple of deadlines felt a bit tight. That said, my overall take is mixed, there were things I liked and things that could be better.",Neutral,Workload,3,Business Development,3,Yes
INT0990,"Looking back, information usually reached me eventually, just not always as fast as I would have liked. Meanwhile, the setup was fine, standard desks and standard hours, nothing remarkable either way.",Neutral,Communication,1,Software Development,3,Maybe
INT0991,"During my time here, onboarding was okay, some sessions were useful and others felt like they could've been an email. The training covered the basics adequately, though it felt a bit generic. That said, everyone's experience can vary.",Neutral,Training,3,Machine Learning,2,Maybe
INT0992,"For the most part, I learned to use version control properly for the first time, and it's already paying off. Hopefully this helps improve the program.",Positive,Learning,4,Marketing,5,Yes
INT0993,"So far, the pace was reasonable and left room for me to ask questions without falling behind. Others might have had a different experience though.",Positive,Workload,6,Human Resources,5,Yes
INT0994,"Throughout the program, workload was about average, nothing that felt unreasonable but not exactly relaxed either.",Neutral,Workload,4,Artificial Intelligence,4,Maybe
INT0995,"So far, I walked away with a much better understanding of how production systems actually work. Additionally, workload was about average, nothing that felt unreasonable but not exactly relaxed either. Others might have had a different experience though.",Positive,Learning,1,Human Resources,4,Yes
INT0996,"From my perspective, the setup was fine, standard desks and standard hours, nothing remarkable either way and the work environment was ordinary, similar to what I expected from an office internship. That's just my honest take.",Neutral,Work Environment,2,Machine Learning,3,Maybe
INT0997,"By the end of the internship, overall it was an okay experience, some good parts and some parts I'd change. Just my two cents.",Neutral,Overall Experience,2,Web Development,4,Maybe
INT0998,"To be fair, my mentor was available when needed but we didn't have a very structured relationship. Hopefully this helps improve the program.",Neutral,Mentorship,3,Finance,4,Yes
INT0999,"Throughout the program, I learned a few new things, but a lot of it was stuff I already knew from school. The learning curve was gentle, maybe too gentle for someone who wanted more of a challenge.",Neutral,Learning,5,Web Development,3,Maybe
INT1000,"To be fair, there wasn't a dedicated career development component, but I picked up a few useful tips along the way. Hopefully this helps improve the program.",Neutral,Career Development,5,Web Development,3,Yes
INT1001,"If I'm being honest, communication between departments was so poor that tasks sometimes contradicted each other. There was a real disconnect between what one manager said and what another expected. Just my two cents.",Negative,Communication,2,Machine Learning,1,Maybe
INT1002,"To be fair, the training covered the basics adequately, though it felt a bit generic. That's just my honest take.",Neutral,Training,5,Artificial Intelligence,2,Maybe
INT1003,I felt comfortable asking silly questions because nobody made me feel judged for it. Hopefully this helps improve the program.,Positive,Team Environment,3,Artificial Intelligence,5,No
INT1004,"For the most part, the setup was fine, standard desks and standard hours, nothing remarkable either way.",Neutral,Work Environment,6,Data Science,3,No
INT1005,"Important updates about deadlines sometimes reached me only after they had already passed. Getting a straight answer to a simple question could take days, which slowed everything down. That said, everyone's experience can vary.",Negative,Communication,5,Software Development,2,No
INT1006,"Honestly, I felt comfortable asking silly questions because nobody made me feel judged for it. Others might have had a different experience though.",Positive,Team Environment,1,Machine Learning,5,Yes
INT1007,"By the end of the internship, resources like laptops and software licenses took weeks to sort out, which was frustrating and there was a lot of pressure in the air that made the environment feel stressful most days. That said, everyone's experience can vary.",Negative,Work Environment,5,Marketing,1,Maybe
INT1008,"For the most part, the team culture was relaxed but still focused, which made coming to work genuinely enjoyable. Hopefully this helps improve the program.",Positive,Team Environment,4,Software Development,5,Yes
INT1009,"The training was standard, nothing outstanding but nothing missing either. The training covered the basics adequately, though it felt a bit generic. Also, the learning curve was gentle, maybe too gentle for someone who wanted more of a challenge. Hopefully this helps improve the program.",Neutral,Training,1,Machine Learning,3,No
INT1010,"During my time here, the training covered the basics adequately, though it felt a bit generic. That's just my honest take.",Neutral,Training,2,Marketing,4,Yes
INT1011,"From my perspective, the tasks were fine, a mix of interesting bits and some routine administrative work. Also, nothing stood out about the environment, it was just a typical corporate setup.",Neutral,Tasks,4,Artificial Intelligence,3,Maybe
INT1012,"During my time here, the tasks were fine, a mix of interesting bits and some routine administrative work. On top of that, I learned a few new things, but a lot of it was stuff I already knew from school.",Neutral,Tasks,4,Human Resources,3,Maybe
INT1013,"If I'm being honest, most of my days were spent on repetitive data entry that didn't require much thought. Just my two cents.",Negative,Tasks,3,Business Development,1,No
INT1014,"Overall, I could always reach out to my team lead when I got stuck, and they never made me feel dumb for asking. Others might have had a different experience though.",Positive,Mentorship,3,Web Development,5,Yes
INT1015,"By the end of the internship, the workload was manageable, which let me actually focus on doing good work instead of rushing. Just my two cents.",Positive,Workload,1,Web Development,5,Maybe
INT1016,"All things considered, my manager took the time to explain the reasoning behind decisions rather than just handing out tasks. On top of that, we had regular meetings, but a lot of the important details still got lost between teams.",Positive,Mentorship,1,Software Development,5,Yes
INT1017,"Looking back, the workshops during the first week gave me a solid foundation for the rest of the internship. The onboarding sessions covered exactly what I needed to get started without wasting time. Hopefully this helps improve the program.",Positive,Training,6,Machine Learning,4,Maybe
INT1018,"For the most part, there were learning opportunities here and there, but nothing that felt especially deep. Meanwhile, there wasn't a dedicated career development component, but I picked up a few useful tips along the way.",Neutral,Learning,1,Human Resources,2,Maybe
INT1019,"Looking back, I learned a few new things, but a lot of it was stuff I already knew from school.",Neutral,Learning,1,Artificial Intelligence,3,Yes
INT1020,"From my perspective, everyone on the team was friendly and made me feel included from the very first day. I wanted to share this feedback for future improvement.",Positive,Team Environment,5,Finance,4,Yes
INT1021,"Overall, I appreciated that training wasn't rushed, we actually had time to practice before doing real work and the workshops during the first week gave me a solid foundation for the rest of the internship. Just my two cents.",Positive,Training,5,Software Development,4,Yes
INT1022,"By the end of the internship, I learned a few new things, but a lot of it was stuff I already knew from school. That's just my honest take.",Neutral,Learning,5,Data Science,3,Maybe
INT1023,"To be fair, workload was about average, nothing that felt unreasonable but not exactly relaxed either.",Neutral,Workload,3,Marketing,3,Yes
INT1024,"I could always reach out to my team lead when I got stuck, and they never made me feel dumb for asking and my mentor pushed me to think through problems myself instead of just giving answers. On top of that, the workload was manageable, which let me actually focus on doing good work instead of rushing.",Positive,Mentorship,3,Artificial Intelligence,5,Yes
INT1025,"During my time here, I sat through hours of generic training videos that had nothing to do with my actual role. Just my two cents.",Negative,Training,5,Web Development,2,Maybe
INT1026,"From my perspective, workload was about average, nothing that felt unreasonable but not exactly relaxed either. It was manageable most of the time, though a couple of deadlines felt a bit tight. Meanwhile, there were learning opportunities here and there, but nothing that felt especially deep.",Neutral,Workload,3,Business Development,3,Maybe
INT1027,"So far, the team felt fragmented, with different people rarely talking to each other. There was noticeable tension between some team members that made meetings uncomfortable. Also, most of my days were spent on repetitive data entry that didn't require much thought.",Negative,Team Environment,3,Finance,1,No
INT1028,"During my time here, updates about project changes always reached me quickly, so I rarely felt out of the loop. Whenever priorities shifted, someone made sure to explain why, which I really appreciated.",Positive,Communication,2,Artificial Intelligence,4,Yes
INT1029,"If I'm being honest, the work environment was ordinary, similar to what I expected from an office internship and the setup was fine, standard desks and standard hours, nothing remarkable either way. Hopefully this helps improve the program.",Neutral,Work Environment,5,Machine Learning,3,Yes
INT1030,"Honestly, I came in hoping to learn a specific tool, but never actually got the chance to use it. Most of what I did was so repetitive that there wasn't much room to actually learn anything new. Hopefully this helps improve the program.",Negative,Learning,5,Marketing,3,Maybe
INT1031,"Throughout the program, coworkers were nice enough, though most interactions stayed strictly work related. Just my two cents.",Neutral,Team Environment,4,Human Resources,2,No
INT1032,"So far, mentorship existed on paper but in practice it depended a lot on how busy people were.",Neutral,Mentorship,6,Data Science,2,Maybe
INT1033,"In my experience, the learning curve was gentle, maybe too gentle for someone who wanted more of a challenge. I wanted to share this feedback for future improvement.",Neutral,Learning,2,Marketing,3,Yes
INT1034,"To be fair, the training covered the basics adequately, though it felt a bit generic.",Neutral,Training,4,Data Science,3,Maybe
INT1035,"So far, the internship offered very little in terms of skill development, mostly just data entry-type work. Also, the onboarding was so rushed that I still had questions about basic tools weeks later. Hopefully this helps improve the program.",Negative,Learning,1,Finance,1,No
INT1036,"Communication between departments was so poor that tasks sometimes contradicted each other. Getting a straight answer to a simple question could take days, which slowed everything down. Others might have had a different experience though.",Negative,Communication,1,Marketing,2,Maybe
INT1037,"Overall, nobody really discussed growth opportunities or what a future role here might look like. Meanwhile, the office felt disorganized, with unclear seating and outdated equipment for interns.",Negative,Career Development,6,Human Resources,1,No
INT1038,"To be fair, the exposure to real industry work will definitely help me stand out when I apply for jobs and I got genuinely useful advice on my resume and how to prepare for future interviews. Additionally, our stand-up meetings were short but genuinely useful for staying aligned with the team. Hopefully this helps improve the program.",Positive,Career Development,6,Web Development,5,Yes
INT1039,"In my experience, the team communicated fine for day-to-day tasks but bigger updates sometimes came late and we had regular meetings, but a lot of the important details still got lost between teams. That said, everyone's experience can vary.",Neutral,Communication,3,Data Science,4,No
INT1040,"By the end of the internship, career advice came up occasionally in conversations but wasn't a structured part of the program. There wasn't a dedicated career development component, but I picked up a few useful tips along the way.",Neutral,Career Development,5,Data Science,3,Yes
INT1041,"Throughout the program, the assignments were challenging without being overwhelming, which kept me engaged. I wanted to share this feedback for future improvement.",Positive,Tasks,6,Artificial Intelligence,4,Yes
INT1042,"Throughout the program, this internship gave me a much clearer picture of what career path I actually want to pursue and I got genuinely useful advice on my resume and how to prepare for future interviews.",Positive,Career Development,2,Artificial Intelligence,5,Yes
INT1043,"To be fair, I was often given more tasks than I could realistically finish within normal hours. Others might have had a different experience though.",Negative,Workload,6,Human Resources,1,No
INT1044,"For the most part, I was often given more tasks than I could realistically finish within normal hours. On top of that, there was almost no formal training, I was expected to already know things I'd never used. I wanted to share this feedback for future improvement.",Negative,Workload,3,Machine Learning,2,No
INT1045,"In my experience, the training was standard, nothing outstanding but nothing missing either. Others might have had a different experience though.",Neutral,Training,3,Data Science,4,Yes
INT1046,"For the most part, I felt constantly behind because new tasks kept piling up before I finished the last ones and the workload picked up so much toward the end that I had to work late several nights. On top of that, the office felt disorganized, with unclear seating and outdated equipment for interns.",Negative,Workload,5,Web Development,3,No
INT1047,"By the end of the internship, resources like laptops and software licenses took weeks to sort out, which was frustrating. That said, everyone's experience can vary.",Negative,Work Environment,6,Data Science,1,Maybe
INT1048,"By the end of the internship, looking back, I wouldn't say this was a particularly rewarding experience. I finished the internship feeling like I didn't get much value out of the time I put in. On top of that, I sat through hours of generic training videos that had nothing to do with my actual role.",Negative,Overall Experience,6,Web Development,2,No
INT1049,"In my experience, I sat through hours of generic training videos that had nothing to do with my actual role. Hopefully this helps improve the program.",Negative,Training,2,Web Development,1,Maybe
INT1050,"During my time here, some days had engaging projects, others were mostly just formatting spreadsheets.",Neutral,Tasks,1,Web Development,3,Yes
INT1051,"During my time here, looking back, I wouldn't say this was a particularly rewarding experience. I wanted to share this feedback for future improvement.",Negative,Overall Experience,2,Business Development,2,No
INT1052,"To be fair, coworkers were nice enough, though most interactions stayed strictly work related and the environment was fine, not particularly close-knit but not unfriendly either. I wanted to share this feedback for future improvement.",Neutral,Team Environment,2,Human Resources,3,Yes
INT1053,"Honestly, the learning curve was gentle, maybe too gentle for someone who wanted more of a challenge.",Neutral,Learning,5,Finance,3,Yes
INT1054,"To be fair, looking back, I'm glad I chose this internship over the other offers I had. That said, the office had a comfortable, low-pressure atmosphere that made it easy to concentrate. That said, everyone's experience can vary.",Positive,Overall Experience,1,Finance,5,Yes
INT1055,"All things considered, my coworkers were always willing to jump on a call and help troubleshoot with me. Additionally, the office had a comfortable, low-pressure atmosphere that made it easy to concentrate.",Positive,Team Environment,1,Human Resources,3,Yes
INT1056,"During my time here, I finished the internship feeling like I didn't get much value out of the time I put in. That said, there was no real effort to help interns think about next steps or career planning. Just my two cents.",Negative,Overall Experience,3,Business Development,2,Maybe
INT1057,"The tasks assigned to me didn't match the job description at all and I kept doing the same small task over and over with little variation for weeks. Additionally, I finished the internship feeling like I didn't get much value out of the time I put in. That said, everyone's experience can vary.",Negative,Tasks,3,Data Science,2,Maybe
INT1058,"In my experience, I frequently had no idea what was happening with the project until it was almost too late. Important updates about deadlines sometimes reached me only after they had already passed. That said, everyone's experience can vary.",Negative,Communication,2,Machine Learning,1,No
INT1059,"Throughout the program, instructions for tasks were often vague, so I ended up redoing work more than once. That said, nobody really discussed growth opportunities or what a future role here might look like. I wanted to share this feedback for future improvement.",Negative,Communication,6,Finance,1,Maybe
INT1060,"Looking back, our stand-up meetings were short but genuinely useful for staying aligned with the team. Also, the exposure to real industry work will definitely help me stand out when I apply for jobs. That's just my honest take.",Positive,Communication,4,Software Development,4,No
INT1061,"To be fair, the team communicated fine for day-to-day tasks but bigger updates sometimes came late.",Neutral,Communication,5,Artificial Intelligence,4,Yes
INT1062,"So far, the training covered the basics adequately, though it felt a bit generic. That said, it was a fairly average internship, neither a highlight nor a disappointment.",Neutral,Training,5,Human Resources,4,No
INT1063,"If I'm being honest, the tasks assigned to me didn't match the job description at all and I kept doing the same small task over and over with little variation for weeks. On top of that, I was often given more tasks than I could realistically finish within normal hours. That said, everyone's experience can vary.",Negative,Tasks,4,Machine Learning,2,No
INT1064,"So far, career advice came up occasionally in conversations but wasn't a structured part of the program. Additionally, overall it was an okay experience, some good parts and some parts I'd change.",Neutral,Career Development,3,Machine Learning,3,Yes
INT1065,"For the most part, we had regular meetings, but a lot of the important details still got lost between teams. Just my two cents.",Neutral,Communication,6,Business Development,4,Maybe
INT1066,"By the end of the internship, getting a straight answer to a simple question could take days, which slowed everything down and instructions for tasks were often vague, so I ended up redoing work more than once. On top of that, coworkers were nice enough, though most interactions stayed strictly work related.",Negative,Communication,4,Data Science,2,Maybe
INT1067,"So far, I sat through hours of generic training videos that had nothing to do with my actual role and the training materials were outdated and didn't match the tools we actually used day to day. Others might have had a different experience though.",Negative,Training,2,Web Development,3,No
INT1068,"All things considered, the team was polite but mostly kept to themselves, so bonding took a while.",Neutral,Team Environment,3,Business Development,3,Maybe
INT1069,Career advice came up occasionally in conversations but wasn't a structured part of the program.,Neutral,Career Development,1,Web Development,4,Maybe
INT1070,Overall this internship exceeded what I expected going in and I'd recommend it to a friend. I'd call this internship a genuinely valuable experience that shaped how I think about work.,Positive,Overall Experience,4,Software Development,4,Yes
INT1071,"My coworkers were always willing to jump on a call and help troubleshoot with me and the team culture was relaxed but still focused, which made coming to work genuinely enjoyable.",Positive,Team Environment,2,Software Development,5,Yes
INT1072,"I was given real ownership over a feature, which made the work feel worthwhile.",Positive,Tasks,4,Software Development,5,Yes
INT1073,"For the most part, the workload picked up so much toward the end that I had to work late several nights.",Negative,Workload,4,Software Development,1,No
INT1074,"To be fair, I got occasional guidance from senior staff, though it wasn't consistent week to week. I wanted to share this feedback for future improvement.",Neutral,Mentorship,6,Web Development,3,No
INT1075,"To be fair, workload was about average, nothing that felt unreasonable but not exactly relaxed either. That said, I got a general sense of the industry, though not much specific career guidance. That said, everyone's experience can vary.",Neutral,Workload,1,Marketing,2,Maybe
INT1076,"Overall, the learning curve was gentle, maybe too gentle for someone who wanted more of a challenge. I learned a few new things, but a lot of it was stuff I already knew from school.",Neutral,Learning,4,Data Science,2,Maybe
INT1077,"So far, there were busy weeks, but overall the workload felt fair given my experience level and I never felt overwhelmed, and when things did get busy, my manager adjusted deadlines accordingly. That said, everyone's experience can vary.",Positive,Workload,1,Marketing,5,Maybe
INT1078,"In my experience, whenever priorities shifted, someone made sure to explain why, which I really appreciated. Updates about project changes always reached me quickly, so I rarely felt out of the loop. Also, I had a mentor who genuinely cared about my growth and checked in regularly.",Positive,Communication,2,Data Science,5,Maybe
INT1079,"Honestly, I worked on a reasonable variety of tasks, though none of them felt particularly high-impact. Just my two cents.",Neutral,Tasks,5,Artificial Intelligence,3,Maybe
INT1080,"Looking back, tasks were varied enough that I never felt bored during the day. Additionally, my mentor pushed me to think through problems myself instead of just giving answers. Others might have had a different experience though.",Positive,Tasks,4,Software Development,5,Yes
INT1081,"In my experience, coworkers were nice enough, though most interactions stayed strictly work related.",Neutral,Team Environment,6,Software Development,3,Maybe
INT1082,"So far, I had a mentor who genuinely cared about my growth and checked in regularly. Hopefully this helps improve the program.",Positive,Mentorship,2,Machine Learning,5,Yes
INT1083,"Instructions for tasks were often vague, so I ended up redoing work more than once. I frequently had no idea what was happening with the project until it was almost too late. That said, everyone's experience can vary.",Negative,Communication,6,Human Resources,1,Maybe
INT1084,"Important updates about deadlines sometimes reached me only after they had already passed. Instructions for tasks were often vague, so I ended up redoing work more than once. I wanted to share this feedback for future improvement.",Negative,Communication,1,Software Development,2,Yes
INT1085,"All things considered, the office had a comfortable, low-pressure atmosphere that made it easy to concentrate. That said, everyone's experience can vary.",Positive,Work Environment,6,Marketing,4,Yes
INT1086,"If I'm being honest, I got a general sense of the industry, though not much specific career guidance and there wasn't a dedicated career development component, but I picked up a few useful tips along the way. Just my two cents.",Neutral,Career Development,2,Finance,3,Maybe
INT1087,"By the end of the internship, the learning curve was gentle, maybe too gentle for someone who wanted more of a challenge. That's just my honest take.",Neutral,Learning,2,Human Resources,3,Maybe
INT1088,"In my experience, the workload was manageable, which let me actually focus on doing good work instead of rushing. I wanted to share this feedback for future improvement.",Positive,Workload,2,Human Resources,4,Yes
INT1089,"By the end of the internship, I felt comfortable asking silly questions because nobody made me feel judged for it. Just my two cents.",Positive,Team Environment,3,Human Resources,4,Yes
INT1090,"Throughout the program, the work environment was ordinary, similar to what I expected from an office internship. That said, I worked on a reasonable variety of tasks, though none of them felt particularly high-impact. Others might have had a different experience though.",Neutral,Work Environment,6,Web Development,3,Yes
INT1091,"Looking back, feedback on my work came promptly and was specific enough to actually act on. Whenever priorities shifted, someone made sure to explain why, which I really appreciated. Additionally, I got a general sense of the industry, though not much specific career guidance. I wanted to share this feedback for future improvement.",Positive,Communication,4,Machine Learning,5,Yes
INT1092,"To be fair, the assignments were challenging without being overwhelming, which kept me engaged. That said, everyone's experience can vary.",Positive,Tasks,2,Marketing,5,Maybe
INT1093,"Honestly, I expected to pick up new technical skills, but the tasks never really required them. Just my two cents.",Negative,Learning,3,Business Development,2,No
INT1094,"If I'm being honest, the team was upfront about expectations from day one, which made planning my work much easier. Additionally, I had a mentor who genuinely cared about my growth and checked in regularly.",Positive,Communication,6,Machine Learning,5,Yes
INT1095,"From my perspective, getting a straight answer to a simple question could take days, which slowed everything down. Just my two cents.",Negative,Communication,3,Machine Learning,1,Maybe
INT1096,"Looking back, the work environment was ordinary, similar to what I expected from an office internship. That said, Slack messages got answered most of the time, though not always the same day. Hopefully this helps improve the program.",Neutral,Work Environment,5,Finance,3,Maybe
INT1097,"Overall, I was given real ownership over a feature, which made the work feel worthwhile.",Positive,Tasks,2,Marketing,4,Yes
INT1098,"Looking back, the lack of guidance meant I spent a lot of time unsure whether my work was even useful. I mostly had to figure things out on my own since nobody had time to explain anything. Just my two cents.",Negative,Mentorship,4,Human Resources,3,No
INT1099,"During my time here, the training materials were well organized and easy to follow even for a beginner. Also, I never felt overwhelmed, and when things did get busy, my manager adjusted deadlines accordingly. Others might have had a different experience though.",Positive,Training,3,Data Science,4,No
INT1100,"Throughout the program, career advice came up occasionally in conversations but wasn't a structured part of the program.",Neutral,Career Development,3,Web Development,2,Maybe
INT1101,"To be fair, there was a lot of pressure in the air that made the environment feel stressful most days. Additionally, the learning curve was gentle, maybe too gentle for someone who wanted more of a challenge. Just my two cents.",Negative,Work Environment,4,Human Resources,1,No
INT1102,"Honestly, I got a general sense of the industry, though not much specific career guidance and there wasn't a dedicated career development component, but I picked up a few useful tips along the way. That said, everyone's experience can vary.",Neutral,Career Development,5,Artificial Intelligence,3,Yes
INT1103,"Throughout the program, there wasn't a dedicated career development component, but I picked up a few useful tips along the way. Additionally, it was manageable most of the time, though a couple of deadlines felt a bit tight. I wanted to share this feedback for future improvement.",Neutral,Career Development,6,Human Resources,2,Maybe
INT1104,"For the most part, I never felt overwhelmed, and when things did get busy, my manager adjusted deadlines accordingly. There were busy weeks, but overall the workload felt fair given my experience level. Also, feedback on my work came promptly and was specific enough to actually act on. Hopefully this helps improve the program.",Positive,Workload,1,Machine Learning,5,Yes
INT1105,"Our stand-up meetings were short but genuinely useful for staying aligned with the team. Also, the workload was manageable, which let me actually focus on doing good work instead of rushing. Others might have had a different experience though.",Positive,Communication,5,Data Science,4,Yes
INT1106,"There wasn't a dedicated career development component, but I picked up a few useful tips along the way and I got a general sense of the industry, though not much specific career guidance.",Neutral,Career Development,6,Data Science,2,Maybe
INT1107,"Looking back, I had a mentor who genuinely cared about my growth and checked in regularly and my manager took the time to explain the reasoning behind decisions rather than just handing out tasks. That said, overall it was an okay experience, some good parts and some parts I'd change. Just my two cents.",Positive,Mentorship,6,Artificial Intelligence,4,Yes
INT1108,"Important updates about deadlines sometimes reached me only after they had already passed. Also, overall this internship fell short of what I was expecting when I accepted the offer.",Negative,Communication,2,Human Resources,2,Maybe
INT1109,"So far, the team culture was relaxed but still focused, which made coming to work genuinely enjoyable and I felt comfortable asking silly questions because nobody made me feel judged for it.",Positive,Team Environment,3,Software Development,5,Yes
INT1110,"Throughout the program, I never felt overwhelmed, and when things did get busy, my manager adjusted deadlines accordingly. Also, feedback on my work came promptly and was specific enough to actually act on.",Positive,Workload,6,Finance,3,Yes
INT1111,"If I'm being honest, getting a straight answer to a simple question could take days, which slowed everything down. That said, everyone's experience can vary.",Negative,Communication,6,Data Science,2,No
INT1112,"All things considered, the training materials were outdated and didn't match the tools we actually used day to day. Others might have had a different experience though.",Negative,Training,4,Web Development,2,Maybe
INT1113,"By the end of the internship, the tasks assigned to me didn't match the job description at all. Additionally, I barely got to interact with the wider team beyond my direct supervisor. Just my two cents.",Negative,Tasks,4,Finance,1,No
INT1114,"For the most part, the team was polite but mostly kept to themselves, so bonding took a while. I wanted to share this feedback for future improvement.",Neutral,Team Environment,6,Machine Learning,3,Yes
INT1115,"For the most part, the learning curve was gentle, maybe too gentle for someone who wanted more of a challenge. Additionally, I got occasional guidance from senior staff, though it wasn't consistent week to week.",Neutral,Learning,1,Finance,3,Maybe
INT1116,"The office felt disorganized, with unclear seating and outdated equipment for interns. That said, there was no real effort to help interns think about next steps or career planning. Others might have had a different experience though.",Negative,Work Environment,1,Data Science,3,No
INT1117,"Overall it was an okay experience, some good parts and some parts I'd change. That said, there wasn't a dedicated career development component, but I picked up a few useful tips along the way. That's just my honest take.",Neutral,Overall Experience,6,Machine Learning,3,Maybe
INT1118,"Honestly, looking back, I'm glad I chose this internship over the other offers I had. Additionally, I walked away with a much better understanding of how production systems actually work. Others might have had a different experience though.",Positive,Overall Experience,5,Finance,3,Yes
INT1119,"In my experience, the team was polite but mostly kept to themselves, so bonding took a while. Others might have had a different experience though.",Neutral,Team Environment,6,Finance,3,Maybe
INT1120,"In my experience, looking back, I'm glad I chose this internship over the other offers I had. Meanwhile, getting to see how decisions are made in real projects taught me more than any lecture. That said, everyone's experience can vary.",Positive,Overall Experience,5,Software Development,5,Yes
INT1121,"For the most part, overall this internship exceeded what I expected going in and I'd recommend it to a friend. Meanwhile, updates about project changes always reached me quickly, so I rarely felt out of the loop.",Positive,Overall Experience,5,Finance,4,Maybe
INT1122,"During my time here, it was manageable most of the time, though a couple of deadlines felt a bit tight. That's just my honest take.",Neutral,Workload,6,Machine Learning,3,Maybe
INT1123,"For the most part, there was no real effort to help interns think about next steps or career planning. Others might have had a different experience though.",Negative,Career Development,5,Finance,2,No
INT1124,"During my time here, the training materials were outdated and didn't match the tools we actually used day to day.",Negative,Training,5,Data Science,1,Maybe
INT1125,"To be fair, the assignments were challenging without being overwhelming, which kept me engaged and tasks were varied enough that I never felt bored during the day. Additionally, this internship gave me a much clearer picture of what career path I actually want to pursue.",Positive,Tasks,1,Artificial Intelligence,5,Yes
INT1126,"Honestly, I frequently had no idea what was happening with the project until it was almost too late. Just my two cents.",Negative,Communication,6,Marketing,2,No
INT1127,"During my time here, the training materials were outdated and didn't match the tools we actually used day to day. That said, everyone's experience can vary.",Negative,Training,4,Web Development,1,Maybe
INT1128,"All things considered, I rarely got any real feedback from my supervisor beyond a quick 'looks good'. Others might have had a different experience though.",Negative,Mentorship,2,Human Resources,2,No
INT1129,"For the most part, some weeks I got great input from my supervisor, other weeks I barely heard from them. Mentorship existed on paper but in practice it depended a lot on how busy people were. That said, everyone's experience can vary.",Neutral,Mentorship,1,Web Development,3,Maybe
INT1130,"Honestly, my mentor always made time to answer questions, even when things got busy and my mentor pushed me to think through problems myself instead of just giving answers. Just my two cents.",Positive,Mentorship,1,Machine Learning,4,Yes
INT1131,"The team was polite but mostly kept to themselves, so bonding took a while. Hopefully this helps improve the program.",Neutral,Team Environment,4,Marketing,3,Maybe
INT1132,"Whenever priorities shifted, someone made sure to explain why, which I really appreciated. Meanwhile, the training covered the basics adequately, though it felt a bit generic.",Positive,Communication,6,Software Development,4,Yes
INT1133,"For the most part, some days had engaging projects, others were mostly just formatting spreadsheets. I wanted to share this feedback for future improvement.",Neutral,Tasks,6,Marketing,2,Maybe
INT1134,"Throughout the program, career advice came up occasionally in conversations but wasn't a structured part of the program. Hopefully this helps improve the program.",Neutral,Career Development,1,Artificial Intelligence,3,Yes
INT1135,"Looking back, I kept doing the same small task over and over with little variation for weeks and most of my days were spent on repetitive data entry that didn't require much thought. Meanwhile, there was a real disconnect between what one manager said and what another expected. I wanted to share this feedback for future improvement.",Negative,Tasks,5,Artificial Intelligence,3,No
INT1136,"Looking back, deadlines were frequently unrealistic given how much other work was already on my plate.",Negative,Workload,5,Web Development,1,Maybe
INT1137,"From my perspective, the workload was manageable, which let me actually focus on doing good work instead of rushing.",Positive,Workload,4,Business Development,5,Yes
INT1138,"During my time here, whenever priorities shifted, someone made sure to explain why, which I really appreciated.",Positive,Communication,5,Web Development,5,Yes
INT1139,"In my experience, looking back, I wouldn't say this was a particularly rewarding experience. That said, everyone's experience can vary.",Negative,Overall Experience,3,Software Development,2,Maybe
INT1140,"Looking back, tasks were varied enough that I never felt bored during the day. That said, the exposure to real industry work will definitely help me stand out when I apply for jobs. Just my two cents.",Positive,Tasks,4,Business Development,5,Yes
INT1141,"To be fair, the assignments were challenging without being overwhelming, which kept me engaged. Also, my mentor always made time to answer questions, even when things got busy.",Positive,Tasks,3,Finance,4,Yes
INT1142,"During my time here, I learned a few new things, but a lot of it was stuff I already knew from school. I wanted to share this feedback for future improvement.",Neutral,Learning,6,Human Resources,2,Maybe
INT1143,"So far, I rarely got any real feedback from my supervisor beyond a quick 'looks good'.",Negative,Mentorship,3,Finance,3,No
INT1144,"All things considered, the projects I worked on felt meaningful, not just busywork to fill the days.",Positive,Tasks,1,Data Science,3,Yes
INT1145,"During my time here, I finished the internship feeling like I didn't get much value out of the time I put in and looking back, I wouldn't say this was a particularly rewarding experience. On top of that, career advice came up occasionally in conversations but wasn't a structured part of the program.",Negative,Overall Experience,4,Artificial Intelligence,1,No
INT1146,"I got a general sense of the industry, though not much specific career guidance.",Neutral,Career Development,3,Web Development,3,Yes
INT1147,"During my time here, deadlines were frequently unrealistic given how much other work was already on my plate.",Negative,Workload,6,Finance,2,No
INT1148,"All things considered, there was almost no mentorship structure, so I often felt left to guess what was expected. I went weeks without hearing from my mentor, which made it hard to know if I was on track.",Negative,Mentorship,6,Artificial Intelligence,1,Maybe
INT1149,"If I'm being honest, I sat through hours of generic training videos that had nothing to do with my actual role. Others might have had a different experience though.",Negative,Training,6,Business Development,2,Maybe
INT1150,"If I'm being honest, the training covered the basics adequately, though it felt a bit generic. Just my two cents.",Neutral,Training,3,Web Development,2,Maybe
INT1151,"Throughout the program, career advice came up occasionally in conversations but wasn't a structured part of the program. There wasn't a dedicated career development component, but I picked up a few useful tips along the way.",Neutral,Career Development,2,Human Resources,4,Maybe
INT1152,"Honestly, I got genuinely useful advice on my resume and how to prepare for future interviews. This internship gave me a much clearer picture of what career path I actually want to pursue. On top of that, I learned to use version control properly for the first time, and it's already paying off.",Positive,Career Development,4,Data Science,5,Maybe
INT1153,"To be fair, the office felt disorganized, with unclear seating and outdated equipment for interns. Resources like laptops and software licenses took weeks to sort out, which was frustrating. Hopefully this helps improve the program.",Negative,Work Environment,2,Software Development,2,No
INT1154,"If I'm being honest, there wasn't a dedicated career development component, but I picked up a few useful tips along the way. Hopefully this helps improve the program.",Neutral,Career Development,4,Business Development,3,Maybe
INT1155,"Overall, looking back, I'm glad I chose this internship over the other offers I had.",Positive,Overall Experience,6,Finance,4,Yes
INT1156,Most of my days were spent on repetitive data entry that didn't require much thought and the tasks assigned to me didn't match the job description at all. That's just my honest take.,Negative,Tasks,4,Web Development,2,No
INT1157,"Instructions for tasks were often vague, so I ended up redoing work more than once. Also, the training covered the basics adequately, though it felt a bit generic. That's just my honest take.",Negative,Communication,4,Data Science,1,No
INT1158,"All things considered, the team culture was relaxed but still focused, which made coming to work genuinely enjoyable. Meanwhile, onboarding was okay, some sessions were useful and others felt like they could've been an email. That said, everyone's experience can vary.",Positive,Team Environment,5,Artificial Intelligence,5,Maybe
INT1159,"Overall, I left without much clarity on what skills I should focus on for my career. Meanwhile, there was a lot of pressure in the air that made the environment feel stressful most days. I wanted to share this feedback for future improvement.",Negative,Career Development,6,Human Resources,3,No
INT1160,"My mentor always made time to answer questions, even when things got busy. Just my two cents.",Positive,Mentorship,3,Business Development,3,Yes
INT1161,"In my experience, whenever priorities shifted, someone made sure to explain why, which I really appreciated. That said, everyone's experience can vary.",Positive,Communication,4,Artificial Intelligence,4,Yes
INT1162,Nobody really discussed growth opportunities or what a future role here might look like.,Negative,Career Development,5,Artificial Intelligence,3,No
INT1163,"To be fair, nothing stood out about the environment, it was just a typical corporate setup. Also, the environment was fine, not particularly close-knit but not unfriendly either. That said, everyone's experience can vary.",Neutral,Work Environment,1,Business Development,3,No
INT1164,"During my time here, the workload was manageable, which let me actually focus on doing good work instead of rushing. Also, my coworkers were always willing to jump on a call and help troubleshoot with me. Just my two cents.",Positive,Workload,4,Software Development,3,Yes
INT1165,"From my perspective, I picked up skills here that I doubt I would have learned this fast in a classroom. On top of that, there were busy weeks, but overall the workload felt fair given my experience level.",Positive,Learning,1,Machine Learning,4,Yes
INT1166,"Throughout the program, overall this internship fell short of what I was expecting when I accepted the offer. Looking back, I wouldn't say this was a particularly rewarding experience.",Negative,Overall Experience,6,Human Resources,2,Maybe
INT1167,"If I'm being honest, information usually reached me eventually, just not always as fast as I would have liked. Just my two cents.",Neutral,Communication,4,Business Development,4,No
INT1168,"If I'm being honest, I learned a few new things, but a lot of it was stuff I already knew from school. Meanwhile, the assignments were straightforward and predictable for the most part. Hopefully this helps improve the program.",Neutral,Learning,3,Finance,2,Maybe
INT1169,"In my experience, the exposure to real datasets taught me more about data cleaning than any course did and I picked up skills here that I doubt I would have learned this fast in a classroom.",Positive,Learning,2,Marketing,3,Yes
INT1170,"I went weeks without hearing from my mentor, which made it hard to know if I was on track. That's just my honest take.",Negative,Mentorship,2,Human Resources,3,No
INT1171,"During my time here, I kept doing the same small task over and over with little variation for weeks.",Negative,Tasks,2,Marketing,2,No
INT1172,"Feedback on my work came promptly and was specific enough to actually act on. That said, overall it was an okay experience, some good parts and some parts I'd change. That said, everyone's experience can vary.",Positive,Communication,2,Software Development,5,Yes
INT1173,"Throughout the program, onboarding was okay, some sessions were useful and others felt like they could've been an email.",Neutral,Training,3,Marketing,2,Maybe
INT1174,"In my experience, the workshops during the first week gave me a solid foundation for the rest of the internship.",Positive,Training,4,Business Development,5,Yes
INT1175,"I picked up some practical skills, though the internship leaned more toward repetition than discovery. I wanted to share this feedback for future improvement.",Neutral,Learning,5,Artificial Intelligence,3,Maybe
INT1176,"For the most part, I learned a few new things, but a lot of it was stuff I already knew from school. The learning curve was gentle, maybe too gentle for someone who wanted more of a challenge. Additionally, onboarding was okay, some sessions were useful and others felt like they could've been an email. That's just my honest take.",Neutral,Learning,4,Business Development,3,Maybe
INT1177,I finished the internship feeling like I didn't get much value out of the time I put in. Overall this internship fell short of what I was expecting when I accepted the offer. Just my two cents.,Negative,Overall Experience,5,Business Development,2,Maybe
INT1178,"In my experience, deadlines were frequently unrealistic given how much other work was already on my plate. Others might have had a different experience though.",Negative,Workload,3,Software Development,2,Maybe
INT1179,"Throughout the program, it was manageable most of the time, though a couple of deadlines felt a bit tight. That's just my honest take.",Neutral,Workload,3,Marketing,3,Yes
INT1180,"From my perspective, looking back, I'm glad I chose this internship over the other offers I had. On top of that, I appreciated that training wasn't rushed, we actually had time to practice before doing real work. That said, everyone's experience can vary.",Positive,Overall Experience,5,Machine Learning,4,Yes
INT1181,"For the most part, I never felt overwhelmed, and when things did get busy, my manager adjusted deadlines accordingly. The workload was manageable, which let me actually focus on doing good work instead of rushing.",Positive,Workload,4,Human Resources,4,Yes
INT1182,"By the end of the internship, there were busy weeks, but overall the workload felt fair given my experience level. The pace was reasonable and left room for me to ask questions without falling behind. Also, I appreciated that training wasn't rushed, we actually had time to practice before doing real work. Hopefully this helps improve the program.",Positive,Workload,1,Data Science,4,Maybe
INT1183,"To be fair, nobody really discussed growth opportunities or what a future role here might look like. Hopefully this helps improve the program.",Negative,Career Development,5,Marketing,1,Maybe
INT1184,"Looking back, I felt comfortable asking silly questions because nobody made me feel judged for it and the team culture was relaxed but still focused, which made coming to work genuinely enjoyable. On top of that, this internship gave me a much clearer picture of what career path I actually want to pursue.",Positive,Team Environment,1,Artificial Intelligence,5,Yes
INT1185,"Throughout the program, nothing stood out about the environment, it was just a typical corporate setup and the work environment was ordinary, similar to what I expected from an office internship.",Neutral,Work Environment,6,Artificial Intelligence,2,Maybe
INT1186,"In my experience, I'd call this internship a genuinely valuable experience that shaped how I think about work. Looking back, I'm glad I chose this internship over the other offers I had.",Positive,Overall Experience,5,Web Development,5,Yes
INT1187,"For the most part, the projects I worked on felt meaningful, not just busywork to fill the days.",Positive,Tasks,2,Marketing,4,Yes
INT1188,"To be fair, I learned to use version control properly for the first time, and it's already paying off. Just my two cents.",Positive,Learning,1,Data Science,4,Yes
INT1189,"The assignments were challenging without being overwhelming, which kept me engaged. Also, I walked away with a much better understanding of how production systems actually work.",Positive,Tasks,6,Web Development,4,Maybe
INT1190,"Honestly, my coworkers were always willing to jump on a call and help troubleshoot with me. That said, whenever priorities shifted, someone made sure to explain why, which I really appreciated. I wanted to share this feedback for future improvement.",Positive,Team Environment,5,Marketing,3,Yes
INT1191,"For the most part, I kept doing the same small task over and over with little variation for weeks and the tasks assigned to me didn't match the job description at all. Others might have had a different experience though.",Negative,Tasks,5,Marketing,2,No
INT1192,"By the end of the internship, the onboarding sessions covered exactly what I needed to get started without wasting time.",Positive,Training,4,Software Development,4,Yes
INT1193,"By the end of the internship, the pace was reasonable and left room for me to ask questions without falling behind. That said, everyone's experience can vary.",Positive,Workload,4,Artificial Intelligence,5,Yes
INT1194,"By the end of the internship, communication between departments was so poor that tasks sometimes contradicted each other. That said, everyone's experience can vary.",Negative,Communication,3,Human Resources,1,No
INT1195,"If I'm being honest, there was no real effort to help interns think about next steps or career planning.",Negative,Career Development,3,Human Resources,3,Maybe
INT1196,"During my time here, the learning curve was gentle, maybe too gentle for someone who wanted more of a challenge.",Neutral,Learning,4,Human Resources,2,Yes
INT1197,"I came in hoping to learn a specific tool, but never actually got the chance to use it. That's just my honest take.",Negative,Learning,1,Business Development,3,No
INT1198,"There were busy weeks, but overall the workload felt fair given my experience level. On top of that, I picked up some practical skills, though the internship leaned more toward repetition than discovery.",Positive,Workload,1,Artificial Intelligence,5,Yes
INT1199,"Throughout the program, I learned to use version control properly for the first time, and it's already paying off.",Positive,Learning,2,Artificial Intelligence,5,Yes
INT1200,"If I'm being honest, communication was decent overall, though sometimes emails took a day or two to get answered. Meanwhile, the assignments were straightforward and predictable for the most part.",Neutral,Communication,2,Business Development,4,Yes
INT1201,My assigned mentor was too busy with their own work to actually guide me. Hopefully this helps improve the program.,Negative,Mentorship,5,Artificial Intelligence,1,Maybe
INT1202,"In my experience, there was no real effort to help interns think about next steps or career planning. That said, the training materials were outdated and didn't match the tools we actually used day to day. Just my two cents.",Negative,Career Development,2,Data Science,2,Maybe
INT1203,"Honestly, overall this internship fell short of what I was expecting when I accepted the offer.",Negative,Overall Experience,3,Finance,2,No
INT1204,"If I'm being honest, I felt comfortable asking silly questions because nobody made me feel judged for it. The team culture was relaxed but still focused, which made coming to work genuinely enjoyable. That said, everyone's experience can vary.",Positive,Team Environment,6,Marketing,5,Yes
INT1205,"So far, I felt comfortable asking silly questions because nobody made me feel judged for it. Additionally, I was assigned a mentor but our interactions were mostly limited to quick status updates.",Positive,Team Environment,5,Marketing,4,Yes
INT1206,"Honestly, some weeks I got great input from my supervisor, other weeks I barely heard from them. That said, we had regular meetings, but a lot of the important details still got lost between teams. That's just my honest take.",Neutral,Mentorship,4,Software Development,2,No
INT1207,"From my perspective, the exposure to real industry work will definitely help me stand out when I apply for jobs. Others might have had a different experience though.",Positive,Career Development,2,Finance,4,Maybe
INT1208,"The projects I worked on felt meaningful, not just busywork to fill the days. That said, I could always reach out to my team lead when I got stuck, and they never made me feel dumb for asking. That said, everyone's experience can vary.",Positive,Tasks,3,Human Resources,5,Yes
INT1209,"During my time here, my mentor was available when needed but we didn't have a very structured relationship. That's just my honest take.",Neutral,Mentorship,5,Machine Learning,2,Yes
INT1210,"From my perspective, the office felt disorganized, with unclear seating and outdated equipment for interns. Also, the work I did often felt like busywork rather than anything that mattered to the team. I wanted to share this feedback for future improvement.",Negative,Work Environment,3,Finance,1,Maybe
INT1211,"All things considered, the onboarding was so rushed that I still had questions about basic tools weeks later. I wanted to share this feedback for future improvement.",Negative,Training,5,Artificial Intelligence,2,No
INT1212,"By the end of the internship, overall it was an okay experience, some good parts and some parts I'd change. My overall take is mixed, there were things I liked and things that could be better. Others might have had a different experience though.",Neutral,Overall Experience,4,Web Development,2,Maybe
INT1213,"Honestly, the assignments were straightforward and predictable for the most part. Also, it was manageable most of the time, though a couple of deadlines felt a bit tight.",Neutral,Tasks,4,Software Development,3,No
INT1214,"During my time here, I picked up some practical skills, though the internship leaned more toward repetition than discovery.",Neutral,Learning,1,Machine Learning,4,Maybe
INT1215,"For the most part, the team communicated fine for day-to-day tasks but bigger updates sometimes came late. That said, everyone's experience can vary.",Neutral,Communication,6,Human Resources,4,No
INT1216,"Honestly, the pace was reasonable and left room for me to ask questions without falling behind. There were busy weeks, but overall the workload felt fair given my experience level. That said, everyone's experience can vary.",Positive,Workload,3,Software Development,4,Yes
INT1217,"So far, there wasn't a dedicated career development component, but I picked up a few useful tips along the way. Just my two cents.",Neutral,Career Development,6,Marketing,2,Maybe
INT1218,"In my experience, I never felt overwhelmed, and when things did get busy, my manager adjusted deadlines accordingly.",Positive,Workload,4,Machine Learning,5,Yes
INT1219,"Throughout the program, there was a lot of pressure in the air that made the environment feel stressful most days. That said, everyone's experience can vary.",Negative,Work Environment,3,Web Development,1,Maybe
INT1220,There was no real effort to help interns think about next steps or career planning and I left without much clarity on what skills I should focus on for my career. I wanted to share this feedback for future improvement.,Negative,Career Development,4,Machine Learning,1,No
INT1221,"During my time here, the onboarding sessions covered exactly what I needed to get started without wasting time. That said, I liked that the company trusted interns enough to work flexible hours when needed. I wanted to share this feedback for future improvement.",Positive,Training,4,Software Development,4,Yes
INT1222,"By the end of the internship, the learning curve was gentle, maybe too gentle for someone who wanted more of a challenge.",Neutral,Learning,1,Data Science,2,Maybe
INT1223,"Honestly, the internship offered very little in terms of skill development, mostly just data entry-type work and I came in hoping to learn a specific tool, but never actually got the chance to use it.",Negative,Learning,2,Artificial Intelligence,1,No
INT1224,"The training was standard, nothing outstanding but nothing missing either and onboarding was okay, some sessions were useful and others felt like they could've been an email.",Neutral,Training,3,Human Resources,2,No
INT1225,"Overall, I never had to chase people for information, everything was communicated clearly upfront. That said, there were busy weeks, but overall the workload felt fair given my experience level. That's just my honest take.",Positive,Communication,5,Web Development,5,Yes
INT1226,"Overall, overall this internship exceeded what I expected going in and I'd recommend it to a friend. Meanwhile, workload was about average, nothing that felt unreasonable but not exactly relaxed either. Just my two cents.",Positive,Overall Experience,5,Software Development,5,Yes
INT1227,"From my perspective, there was almost no formal training, I was expected to already know things I'd never used. The training materials were outdated and didn't match the tools we actually used day to day. Others might have had a different experience though.",Negative,Training,3,Web Development,2,No
INT1228,"During my time here, the team culture was relaxed but still focused, which made coming to work genuinely enjoyable.",Positive,Team Environment,4,Machine Learning,5,Yes
INT1229,"So far, I rarely got any real feedback from my supervisor beyond a quick 'looks good'. My assigned mentor was too busy with their own work to actually guide me. Also, the setup was fine, standard desks and standard hours, nothing remarkable either way. Others might have had a different experience though.",Negative,Mentorship,5,Software Development,2,No
INT1230,"So far, feedback on my work came promptly and was specific enough to actually act on. I never had to chase people for information, everything was communicated clearly upfront.",Positive,Communication,6,Artificial Intelligence,4,Yes
INT1231,"By the end of the internship, the onboarding sessions covered exactly what I needed to get started without wasting time. That said, there were busy weeks, but overall the workload felt fair given my experience level. Others might have had a different experience though.",Positive,Training,4,Machine Learning,5,Yes
INT1232,"Looking back, there was noticeable tension between some team members that made meetings uncomfortable. I barely got to interact with the wider team beyond my direct supervisor.",Negative,Team Environment,2,Web Development,1,No
INT1233,"In my experience, the training covered the basics adequately, though it felt a bit generic. Hopefully this helps improve the program.",Neutral,Training,5,Finance,4,No
INT1234,"If I'm being honest, I picked up skills here that I doubt I would have learned this fast in a classroom. Others might have had a different experience though.",Positive,Learning,5,Human Resources,4,Yes
INT1235,"During my time here, the office had a comfortable, low-pressure atmosphere that made it easy to concentrate. Meanwhile, I'd call this internship a genuinely valuable experience that shaped how I think about work. I wanted to share this feedback for future improvement.",Positive,Work Environment,6,Artificial Intelligence,4,Yes
INT1236,"From my perspective, the setup was fine, standard desks and standard hours, nothing remarkable either way.",Neutral,Work Environment,3,Human Resources,2,Maybe
INT1237,"In my experience, I frequently had no idea what was happening with the project until it was almost too late. Others might have had a different experience though.",Negative,Communication,5,Software Development,1,Maybe
INT1238,Having someone senior review my work and explain their thinking made a huge difference. Hopefully this helps improve the program.,Positive,Mentorship,2,Artificial Intelligence,4,Maybe
INT1239,"So far, there was a lot of pressure in the air that made the environment feel stressful most days. The office felt disorganized, with unclear seating and outdated equipment for interns. That said, everyone's experience can vary.",Negative,Work Environment,4,Software Development,2,No
INT1240,"For the most part, whenever priorities shifted, someone made sure to explain why, which I really appreciated.",Positive,Communication,5,Software Development,3,Yes
INT1241,"So far, the training covered the basics adequately, though it felt a bit generic and onboarding was okay, some sessions were useful and others felt like they could've been an email. On top of that, I picked up some practical skills, though the internship leaned more toward repetition than discovery. That's just my honest take.",Neutral,Training,4,Software Development,3,Maybe
INT1242,"I was often given more tasks than I could realistically finish within normal hours. On top of that, I didn't feel like I learned much beyond what I already knew coming in. That's just my honest take.",Negative,Workload,2,Data Science,2,Maybe
INT1243,"To be fair, there was a lot of pressure in the air that made the environment feel stressful most days and the office felt disorganized, with unclear seating and outdated equipment for interns.",Negative,Work Environment,1,Human Resources,1,No
INT1244,"For the most part, the overall environment felt professional but not stiff, which suited me well. On top of that, updates about project changes always reached me quickly, so I rarely felt out of the loop.",Positive,Work Environment,5,Business Development,4,No
INT1245,"Throughout the program, I appreciated that training wasn't rushed, we actually had time to practice before doing real work.",Positive,Training,5,Marketing,4,Yes
INT1246,"For the most part, this internship gave me a much clearer picture of what career path I actually want to pursue and seeing how the full-time employees approached their work helped me set realistic career goals. That said, I liked that the company trusted interns enough to work flexible hours when needed. Others might have had a different experience though.",Positive,Career Development,1,Artificial Intelligence,4,Yes
INT1247,"For the most part, the training was standard, nothing outstanding but nothing missing either. I wanted to share this feedback for future improvement.",Neutral,Training,6,Artificial Intelligence,4,No
INT1248,"Overall, communication was decent overall, though sometimes emails took a day or two to get answered. That said, everyone's experience can vary.",Neutral,Communication,2,Finance,3,No
INT1249,"For the most part, the onboarding sessions covered exactly what I needed to get started without wasting time.",Positive,Training,3,Business Development,5,Yes
INT1250,"All things considered, the team culture was relaxed but still focused, which made coming to work genuinely enjoyable. Also, seeing how the full-time employees approached their work helped me set realistic career goals. That's just my honest take.",Positive,Team Environment,6,Web Development,4,Yes
INT1251,"Honestly, I never felt overwhelmed, and when things did get busy, my manager adjusted deadlines accordingly. Hopefully this helps improve the program.",Positive,Workload,5,Data Science,4,Yes
INT1252,"Looking back, it was manageable most of the time, though a couple of deadlines felt a bit tight. That said, everyone's experience can vary.",Neutral,Workload,2,Data Science,3,Maybe
INT1253,"So far, the work environment was ordinary, similar to what I expected from an office internship. Nothing stood out about the environment, it was just a typical corporate setup.",Neutral,Work Environment,1,Web Development,4,Maybe
INT1254,"Overall, the training was standard, nothing outstanding but nothing missing either. Also, Slack messages got answered most of the time, though not always the same day. Just my two cents.",Neutral,Training,1,Finance,4,Maybe
INT1255,"In my experience, we had regular meetings, but a lot of the important details still got lost between teams.",Neutral,Communication,3,Machine Learning,2,No
INT1256,"Communication was decent overall, though sometimes emails took a day or two to get answered. The team communicated fine for day-to-day tasks but bigger updates sometimes came late. That said, some days had engaging projects, others were mostly just formatting spreadsheets. Hopefully this helps improve the program.",Neutral,Communication,5,Software Development,3,Yes
INT1257,"Throughout the program, I barely got to interact with the wider team beyond my direct supervisor. That said, overall this internship fell short of what I was expecting when I accepted the offer. That said, everyone's experience can vary.",Negative,Team Environment,3,Web Development,1,No
INT1258,"All things considered, whenever priorities shifted, someone made sure to explain why, which I really appreciated. Our stand-up meetings were short but genuinely useful for staying aligned with the team.",Positive,Communication,4,Software Development,5,Yes
INT1259,"In my experience, looking back, I'm glad I chose this internship over the other offers I had.",Positive,Overall Experience,6,Artificial Intelligence,4,Yes
INT1260,"My mentor was available when needed but we didn't have a very structured relationship. Some weeks I got great input from my supervisor, other weeks I barely heard from them. Meanwhile, the workload fluctuated a lot, some weeks were packed and others were almost too quiet.",Neutral,Mentorship,6,Artificial Intelligence,3,Maybe
INT1261,"Overall, there was no real effort to help interns think about next steps or career planning. Others might have had a different experience though.",Negative,Career Development,3,Marketing,1,No
INT1262,"Honestly, I never felt overwhelmed, and when things did get busy, my manager adjusted deadlines accordingly.",Positive,Workload,4,Human Resources,4,Yes
INT1263,"Throughout the program, the assignments were straightforward and predictable for the most part.",Neutral,Tasks,3,Artificial Intelligence,3,Yes
INT1264,"So far, there was almost no mentorship structure, so I often felt left to guess what was expected and I went weeks without hearing from my mentor, which made it hard to know if I was on track. On top of that, there wasn't a dedicated career development component, but I picked up a few useful tips along the way. That's just my honest take.",Negative,Mentorship,1,Finance,2,No
INT1265,"By the end of the internship, looking back, I wouldn't say this was a particularly rewarding experience. That said, the work I did often felt like busywork rather than anything that mattered to the team. That's just my honest take.",Negative,Overall Experience,2,Finance,1,No
INT1266,"Honestly, the one-on-one sessions with my mentor were probably the most valuable part of the internship.",Positive,Mentorship,3,Human Resources,5,Yes
INT1267,"Deadlines were frequently unrealistic given how much other work was already on my plate. I felt constantly behind because new tasks kept piling up before I finished the last ones. That said, everyone's experience can vary.",Negative,Workload,1,Software Development,3,Maybe
INT1268,"The assignments were challenging without being overwhelming, which kept me engaged. I was given real ownership over a feature, which made the work feel worthwhile.",Positive,Tasks,3,Business Development,4,Yes
INT1269,"To be fair, I got a general sense of the industry, though not much specific career guidance. Additionally, it was manageable most of the time, though a couple of deadlines felt a bit tight. That said, everyone's experience can vary.",Neutral,Career Development,2,Marketing,3,No
INT1270,"During my time here, it was a fairly average internship, neither a highlight nor a disappointment and overall it was an okay experience, some good parts and some parts I'd change.",Neutral,Overall Experience,3,Human Resources,3,Yes
INT1271,The training materials were well organized and easy to follow even for a beginner.,Positive,Training,1,Machine Learning,4,Maybe
INT1272,I kept doing the same small task over and over with little variation for weeks.,Negative,Tasks,6,Business Development,1,Maybe
INT1273,"Overall, the work I did often felt like busywork rather than anything that mattered to the team. That said, the training was standard, nothing outstanding but nothing missing either. That's just my honest take.",Negative,Tasks,6,Finance,3,Maybe
INT1274,"In my experience, the tasks were fine, a mix of interesting bits and some routine administrative work and the assignments were straightforward and predictable for the most part.",Neutral,Tasks,3,Business Development,2,Maybe
INT1275,"For the most part, my manager took the time to explain the reasoning behind decisions rather than just handing out tasks.",Positive,Mentorship,1,Business Development,5,Maybe
INT1276,"If I'm being honest, there were busy weeks, but overall the workload felt fair given my experience level. Just my two cents.",Positive,Workload,5,Machine Learning,3,Yes
INT1277,"Looking back, looking back, I'm glad I chose this internship over the other offers I had. Also, being thrown into real projects forced me to learn tools I'd only read about before.",Positive,Overall Experience,2,Software Development,4,Yes
INT1278,"Honestly, I got genuinely useful advice on my resume and how to prepare for future interviews. That said, tasks were varied enough that I never felt bored during the day.",Positive,Career Development,2,Finance,4,Yes
INT1279,"Throughout the program, the guidance I got from my supervisor helped me avoid a lot of rookie mistakes and my mentor pushed me to think through problems myself instead of just giving answers.",Positive,Mentorship,2,Software Development,3,Yes
INT1280,"For the most part, my coworkers were always willing to jump on a call and help troubleshoot with me. Meanwhile, looking back, I'm glad I chose this internship over the other offers I had. Just my two cents.",Positive,Team Environment,2,Business Development,5,Yes
INT1281,"From my perspective, there was no real effort to help interns think about next steps or career planning. That's just my honest take.",Negative,Career Development,3,Web Development,2,No
INT1282,"Overall, there was almost no mentorship structure, so I often felt left to guess what was expected. Meanwhile, overall this internship fell short of what I was expecting when I accepted the offer.",Negative,Mentorship,1,Software Development,2,No
INT1283,"Honestly, whenever priorities shifted, someone made sure to explain why, which I really appreciated. Feedback on my work came promptly and was specific enough to actually act on.",Positive,Communication,5,Software Development,5,Yes
INT1284,"In my experience, I went weeks without hearing from my mentor, which made it hard to know if I was on track. The lack of guidance meant I spent a lot of time unsure whether my work was even useful. Hopefully this helps improve the program.",Negative,Mentorship,3,Business Development,2,Maybe
INT1285,"In my experience, there was almost no formal training, I was expected to already know things I'd never used. The onboarding was so rushed that I still had questions about basic tools weeks later. On top of that, the office felt disorganized, with unclear seating and outdated equipment for interns.",Negative,Training,5,Finance,1,No
INT1286,"From my perspective, the overall environment felt professional but not stiff, which suited me well.",Positive,Work Environment,6,Web Development,5,Yes
INT1287,My mentor was available when needed but we didn't have a very structured relationship.,Neutral,Mentorship,1,Human Resources,2,Maybe
INT1288,"All things considered, overall this internship exceeded what I expected going in and I'd recommend it to a friend.",Positive,Overall Experience,4,Business Development,5,Yes
INT1289,"So far, looking back, I'm glad I chose this internship over the other offers I had. Meanwhile, the onboarding sessions covered exactly what I needed to get started without wasting time. That's just my honest take.",Positive,Overall Experience,3,Machine Learning,3,Maybe
INT1290,"Looking back, looking back, I'm glad I chose this internship over the other offers I had. I'd call this internship a genuinely valuable experience that shaped how I think about work. On top of that, the office had a comfortable, low-pressure atmosphere that made it easy to concentrate. That's just my honest take.",Positive,Overall Experience,1,Human Resources,4,Yes
INT1291,"By the end of the internship, everyone on the team was friendly and made me feel included from the very first day. On top of that, mentorship existed on paper but in practice it depended a lot on how busy people were. Others might have had a different experience though.",Positive,Team Environment,6,Human Resources,3,Yes
INT1292,"Overall, the workload fluctuated a lot, some weeks were packed and others were almost too quiet and it was manageable most of the time, though a couple of deadlines felt a bit tight.",Neutral,Workload,3,Business Development,3,Maybe
INT1293,"By the end of the internship, I mostly had to figure things out on my own since nobody had time to explain anything.",Negative,Mentorship,5,Artificial Intelligence,2,Maybe
INT1294,"From my perspective, the assignments were straightforward and predictable for the most part. That said, everyone's experience can vary.",Neutral,Tasks,3,Artificial Intelligence,3,Maybe
INT1295,"To be fair, the work environment was ordinary, similar to what I expected from an office internship. That said, the workload fluctuated a lot, some weeks were packed and others were almost too quiet. Hopefully this helps improve the program.",Neutral,Work Environment,1,Business Development,4,Maybe
INT1296,"During my time here, deadlines were frequently unrealistic given how much other work was already on my plate. I felt constantly behind because new tasks kept piling up before I finished the last ones. Meanwhile, the office felt disorganized, with unclear seating and outdated equipment for interns. I wanted to share this feedback for future improvement.",Negative,Workload,2,Business Development,2,No
INT1297,"So far, the tasks were fine, a mix of interesting bits and some routine administrative work. On top of that, there wasn't a dedicated career development component, but I picked up a few useful tips along the way. I wanted to share this feedback for future improvement.",Neutral,Tasks,3,Machine Learning,2,No
INT1298,"Throughout the program, getting to see how decisions are made in real projects taught me more than any lecture.",Positive,Learning,1,Web Development,5,Yes
INT1299,"I left without much clarity on what skills I should focus on for my career. Additionally, coworkers were nice enough, though most interactions stayed strictly work related.",Negative,Career Development,4,Software Development,2,No
INT1300,"So far, the office had a comfortable, low-pressure atmosphere that made it easy to concentrate. I liked that the company trusted interns enough to work flexible hours when needed. That said, the one-on-one sessions with my mentor were probably the most valuable part of the internship. I wanted to share this feedback for future improvement.",Positive,Work Environment,3,Business Development,5,Maybe
INT1301,"If I'm being honest, the work environment was ordinary, similar to what I expected from an office internship.",Neutral,Work Environment,5,Business Development,3,No
INT1302,The workload picked up so much toward the end that I had to work late several nights. Others might have had a different experience though.,Negative,Workload,1,Web Development,2,Maybe
INT1303,"During my time here, the workload picked up so much toward the end that I had to work late several nights. Others might have had a different experience though.",Negative,Workload,2,Business Development,1,Maybe
INT1304,"From my perspective, communication between departments was so poor that tasks sometimes contradicted each other. Also, most of my days were spent on repetitive data entry that didn't require much thought. Hopefully this helps improve the program.",Negative,Communication,4,Data Science,2,No
INT1305,"For the most part, the assignments were challenging without being overwhelming, which kept me engaged. That said, I never felt overwhelmed, and when things did get busy, my manager adjusted deadlines accordingly.",Positive,Tasks,1,Marketing,5,Yes
INT1306,"For the most part, getting a straight answer to a simple question could take days, which slowed everything down and I frequently had no idea what was happening with the project until it was almost too late. I wanted to share this feedback for future improvement.",Negative,Communication,5,Marketing,2,No
INT1307,"During my time here, the work environment was ordinary, similar to what I expected from an office internship.",Neutral,Work Environment,1,Data Science,3,Maybe
INT1308,"The overall environment felt professional but not stiff, which suited me well.",Positive,Work Environment,6,Marketing,4,Yes
INT1309,"Overall, seeing how the full-time employees approached their work helped me set realistic career goals. I wanted to share this feedback for future improvement.",Positive,Career Development,1,Software Development,4,Yes
INT1310,"So far, the onboarding was so rushed that I still had questions about basic tools weeks later. Meanwhile, getting a straight answer to a simple question could take days, which slowed everything down.",Negative,Training,5,Web Development,1,No
INT1311,"Throughout the program, this internship gave me a much clearer picture of what career path I actually want to pursue.",Positive,Career Development,2,Machine Learning,5,Yes
INT1312,"The work environment was ordinary, similar to what I expected from an office internship. Also, it was manageable most of the time, though a couple of deadlines felt a bit tight. That's just my honest take.",Neutral,Work Environment,1,Web Development,2,Maybe
INT1313,"For the most part, my mentor always made time to answer questions, even when things got busy.",Positive,Mentorship,4,Marketing,4,Maybe
INT1314,"During my time here, the lack of guidance meant I spent a lot of time unsure whether my work was even useful. I rarely got any real feedback from my supervisor beyond a quick 'looks good'. Also, most of my days were spent on repetitive data entry that didn't require much thought.",Negative,Mentorship,2,Human Resources,1,No
INT1315,"Overall, I frequently had no idea what was happening with the project until it was almost too late. On top of that, the setup was fine, standard desks and standard hours, nothing remarkable either way.",Negative,Communication,2,Web Development,3,No
INT1316,"All things considered, my coworkers were always willing to jump on a call and help troubleshoot with me and I felt comfortable asking silly questions because nobody made me feel judged for it. Just my two cents.",Positive,Team Environment,5,Machine Learning,5,No
INT1317,"From my perspective, the workload was manageable, which let me actually focus on doing good work instead of rushing. Meanwhile, the onboarding sessions covered exactly what I needed to get started without wasting time.",Positive,Workload,3,Web Development,4,Maybe
INT1318,"During my time here, the overall environment felt professional but not stiff, which suited me well. The office had a comfortable, low-pressure atmosphere that made it easy to concentrate.",Positive,Work Environment,5,Data Science,3,Yes
INT1319,"Career advice came up occasionally in conversations but wasn't a structured part of the program and I got a general sense of the industry, though not much specific career guidance. Hopefully this helps improve the program.",Neutral,Career Development,5,Data Science,4,Maybe
INT1320,"Looking back, there were learning opportunities here and there, but nothing that felt especially deep. I wanted to share this feedback for future improvement.",Neutral,Learning,5,Marketing,3,Maybe
INT1321,"From my perspective, the team culture was relaxed but still focused, which made coming to work genuinely enjoyable. I felt comfortable asking silly questions because nobody made me feel judged for it.",Positive,Team Environment,3,Machine Learning,5,Yes
INT1322,"During my time here, my coworkers were always willing to jump on a call and help troubleshoot with me. Everyone on the team was friendly and made me feel included from the very first day. Additionally, I never had to chase people for information, everything was communicated clearly upfront.",Positive,Team Environment,1,Machine Learning,5,Maybe
INT1323,"Throughout the program, I was rarely given tasks that felt connected to any bigger project or goal. I wanted to share this feedback for future improvement.",Negative,Tasks,5,Business Development,3,Maybe
INT1324,"From my perspective, overall it was an okay experience, some good parts and some parts I'd change. It was a fairly average internship, neither a highlight nor a disappointment. Also, the team communicated fine for day-to-day tasks but bigger updates sometimes came late.",Neutral,Overall Experience,3,Business Development,4,Maybe
INT1325,"If I'm being honest, the office felt disorganized, with unclear seating and outdated equipment for interns. There was a lot of pressure in the air that made the environment feel stressful most days.",Negative,Work Environment,5,Machine Learning,2,No
INT1326,"Throughout the program, my mentor always made time to answer questions, even when things got busy.",Positive,Mentorship,2,Marketing,4,Yes
INT1327,"Honestly, I came in hoping to learn a specific tool, but never actually got the chance to use it. I wanted to share this feedback for future improvement.",Negative,Learning,6,Web Development,1,No
INT1328,"For the most part, there was almost no mentorship structure, so I often felt left to guess what was expected and the lack of guidance meant I spent a lot of time unsure whether my work was even useful. Additionally, the tasks assigned to me didn't match the job description at all.",Negative,Mentorship,2,Web Development,1,Maybe
INT1329,"In my experience, looking back, I'm glad I chose this internship over the other offers I had. That said, the guidance I got from my supervisor helped me avoid a lot of rookie mistakes.",Positive,Overall Experience,1,Business Development,4,Yes
INT1330,"During my time here, the team was polite but mostly kept to themselves, so bonding took a while. Also, I got a general sense of the industry, though not much specific career guidance. That said, everyone's experience can vary.",Neutral,Team Environment,3,Artificial Intelligence,2,Yes
INT1331,"Resources like laptops and software licenses took weeks to sort out, which was frustrating. That's just my honest take.",Negative,Work Environment,6,Data Science,3,Maybe
INT1332,"During my time here, there was no real effort to help interns think about next steps or career planning. That said, everyone's experience can vary.",Negative,Career Development,4,Marketing,2,Maybe
INT1333,"By the end of the internship, the training materials were outdated and didn't match the tools we actually used day to day. Additionally, resources like laptops and software licenses took weeks to sort out, which was frustrating.",Negative,Training,1,Finance,3,No
INT1334,"All things considered, I often felt like an outsider since most conversations happened without including interns. There was noticeable tension between some team members that made meetings uncomfortable. That said, I rarely got any real feedback from my supervisor beyond a quick 'looks good'. I wanted to share this feedback for future improvement.",Negative,Team Environment,2,Data Science,2,Maybe
INT1335,"During my time here, there was noticeable tension between some team members that made meetings uncomfortable and the team felt fragmented, with different people rarely talking to each other.",Negative,Team Environment,1,Machine Learning,3,Maybe
INT1336,"By the end of the internship, I picked up some practical skills, though the internship leaned more toward repetition than discovery.",Neutral,Learning,4,Business Development,4,Maybe
INT1337,"Throughout the program, most of my days were spent on repetitive data entry that didn't require much thought. On top of that, I learned a few new things, but a lot of it was stuff I already knew from school.",Negative,Tasks,5,Human Resources,1,No
INT1338,"So far, I'd call this internship a genuinely valuable experience that shaped how I think about work. Additionally, the assignments were challenging without being overwhelming, which kept me engaged. That's just my honest take.",Positive,Overall Experience,5,Artificial Intelligence,5,Yes
INT1339,"Throughout the program, overall this internship fell short of what I was expecting when I accepted the offer. Also, the team felt fragmented, with different people rarely talking to each other. That's just my honest take.",Negative,Overall Experience,3,Artificial Intelligence,1,Maybe
INT1340,"Overall, there were busy weeks, but overall the workload felt fair given my experience level.",Positive,Workload,4,Finance,5,Yes
INT1341,I didn't feel like I learned much beyond what I already knew coming in. Just my two cents.,Negative,Learning,5,Business Development,2,Maybe
INT1342,"From my perspective, the assignments were straightforward and predictable for the most part. Meanwhile, it was a fairly average internship, neither a highlight nor a disappointment.",Neutral,Tasks,4,Software Development,4,Maybe
INT1343,"For the most part, updates about project changes always reached me quickly, so I rarely felt out of the loop and I never had to chase people for information, everything was communicated clearly upfront. I wanted to share this feedback for future improvement.",Positive,Communication,2,Finance,5,Yes
INT1344,"Overall, my overall take is mixed, there were things I liked and things that could be better and it was a fairly average internship, neither a highlight nor a disappointment. Just my two cents.",Neutral,Overall Experience,1,Marketing,4,Maybe
INT1345,My coworkers were always willing to jump on a call and help troubleshoot with me. Everyone on the team was friendly and made me feel included from the very first day. I wanted to share this feedback for future improvement.,Positive,Team Environment,1,Machine Learning,4,Yes
INT1346,"If I'm being honest, the training covered the basics adequately, though it felt a bit generic. The training was standard, nothing outstanding but nothing missing either.",Neutral,Training,5,Finance,4,Maybe
INT1347,"Looking back, the team was polite but mostly kept to themselves, so bonding took a while. The environment was fine, not particularly close-knit but not unfriendly either.",Neutral,Team Environment,2,Human Resources,3,No
INT1348,"To be fair, I finished the internship feeling like I didn't get much value out of the time I put in.",Negative,Overall Experience,4,Business Development,1,No
INT1349,My assigned mentor was too busy with their own work to actually guide me. Others might have had a different experience though.,Negative,Mentorship,1,Software Development,2,No
INT1350,"So far, I finished the internship feeling like I didn't get much value out of the time I put in and looking back, I wouldn't say this was a particularly rewarding experience.",Negative,Overall Experience,5,Human Resources,2,No
INT1351,"The office felt disorganized, with unclear seating and outdated equipment for interns and resources like laptops and software licenses took weeks to sort out, which was frustrating. That said, nobody really discussed growth opportunities or what a future role here might look like. Just my two cents.",Negative,Work Environment,2,Software Development,3,No
INT1352,"Looking back, I wouldn't say this was a particularly rewarding experience. That said, everyone's experience can vary.",Negative,Overall Experience,1,Finance,2,No
INT1353,"Throughout the program, my coworkers were always willing to jump on a call and help troubleshoot with me and the team culture was relaxed but still focused, which made coming to work genuinely enjoyable. Hopefully this helps improve the program.",Positive,Team Environment,2,Machine Learning,4,Yes
INT1354,This internship gave me a much clearer picture of what career path I actually want to pursue. Seeing how the full-time employees approached their work helped me set realistic career goals. I wanted to share this feedback for future improvement.,Positive,Career Development,6,Software Development,4,Yes
INT1355,"For the most part, I mostly had to figure things out on my own since nobody had time to explain anything. There was almost no mentorship structure, so I often felt left to guess what was expected. Just my two cents.",Negative,Mentorship,1,Data Science,1,No
INT1356,"By the end of the internship, I walked away with a much better understanding of how production systems actually work and getting to see how decisions are made in real projects taught me more than any lecture. That said, I appreciated that my work actually got used by the team instead of sitting in a drawer.",Positive,Learning,5,Web Development,4,Yes
INT1357,"In my experience, I came in hoping to learn a specific tool, but never actually got the chance to use it. I expected to pick up new technical skills, but the tasks never really required them.",Negative,Learning,5,Data Science,1,Maybe
INT1358,"For the most part, information usually reached me eventually, just not always as fast as I would have liked and we had regular meetings, but a lot of the important details still got lost between teams. Just my two cents.",Neutral,Communication,3,Marketing,2,Maybe
INT1359,"Overall, I often felt like an outsider since most conversations happened without including interns. There was noticeable tension between some team members that made meetings uncomfortable. Additionally, I finished the internship feeling like I didn't get much value out of the time I put in.",Negative,Team Environment,5,Data Science,2,No
INT1360,"To be fair, the training was standard, nothing outstanding but nothing missing either. I wanted to share this feedback for future improvement.",Neutral,Training,5,Human Resources,2,Maybe
INT1361,"There wasn't a dedicated career development component, but I picked up a few useful tips along the way. Career advice came up occasionally in conversations but wasn't a structured part of the program. Meanwhile, the tasks were fine, a mix of interesting bits and some routine administrative work.",Neutral,Career Development,5,Finance,2,Yes
INT1362,The training materials were well organized and easy to follow even for a beginner and the workshops during the first week gave me a solid foundation for the rest of the internship. Others might have had a different experience though.,Positive,Training,3,Data Science,4,Yes
INT1363,"All things considered, there was almost no formal training, I was expected to already know things I'd never used. That said, most of what I did was so repetitive that there wasn't much room to actually learn anything new. Hopefully this helps improve the program.",Negative,Training,1,Software Development,2,No
INT1364,"To be fair, the onboarding was so rushed that I still had questions about basic tools weeks later.",Negative,Training,6,Data Science,1,No
INT1365,"All things considered, our stand-up meetings were short but genuinely useful for staying aligned with the team. Meanwhile, this internship gave me a much clearer picture of what career path I actually want to pursue. Hopefully this helps improve the program.",Positive,Communication,1,Machine Learning,5,Yes
INT1366,"If I'm being honest, there was almost no formal training, I was expected to already know things I'd never used. I wanted to share this feedback for future improvement.",Negative,Training,2,Machine Learning,3,No
INT1367,"Throughout the program, everyone on the team was friendly and made me feel included from the very first day. Just my two cents.",Positive,Team Environment,5,Finance,4,Maybe
INT1368,"For the most part, getting to see how decisions are made in real projects taught me more than any lecture. Meanwhile, the team culture was relaxed but still focused, which made coming to work genuinely enjoyable. That said, everyone's experience can vary.",Positive,Learning,4,Human Resources,5,Yes
INT1369,"So far, overall this internship exceeded what I expected going in and I'd recommend it to a friend. That said, everyone's experience can vary.",Positive,Overall Experience,1,Data Science,5,Yes
INT1370,"In my experience, having someone senior review my work and explain their thinking made a huge difference. That said, everyone's experience can vary.",Positive,Mentorship,6,Software Development,3,Yes
INT1371,"During my time here, there was a real disconnect between what one manager said and what another expected. Also, there was almost no mentorship structure, so I often felt left to guess what was expected. I wanted to share this feedback for future improvement.",Negative,Communication,5,Machine Learning,2,Maybe
INT1372,"All things considered, I felt constantly behind because new tasks kept piling up before I finished the last ones and the workload picked up so much toward the end that I had to work late several nights.",Negative,Workload,6,Software Development,1,No
INT1373,Seeing how the full-time employees approached their work helped me set realistic career goals and the exposure to real industry work will definitely help me stand out when I apply for jobs.,Positive,Career Development,5,Machine Learning,5,Yes
INT1374,"Overall, important updates about deadlines sometimes reached me only after they had already passed and communication between departments was so poor that tasks sometimes contradicted each other.",Negative,Communication,1,Machine Learning,1,Maybe
INT1375,"In my experience, mentorship existed on paper but in practice it depended a lot on how busy people were and I was assigned a mentor but our interactions were mostly limited to quick status updates. Meanwhile, I got a general sense of the industry, though not much specific career guidance. I wanted to share this feedback for future improvement.",Neutral,Mentorship,2,Software Development,3,Maybe
INT1376,"I got occasional guidance from senior staff, though it wasn't consistent week to week and some weeks I got great input from my supervisor, other weeks I barely heard from them. Just my two cents.",Neutral,Mentorship,2,Human Resources,3,Maybe
INT1377,"Honestly, the training materials were outdated and didn't match the tools we actually used day to day and there was almost no formal training, I was expected to already know things I'd never used. Additionally, I didn't feel like I learned much beyond what I already knew coming in. That said, everyone's experience can vary.",Negative,Training,6,Finance,1,No
INT1378,"Looking back, the tasks were fine, a mix of interesting bits and some routine administrative work and some days had engaging projects, others were mostly just formatting spreadsheets. That said, I learned a few new things, but a lot of it was stuff I already knew from school.",Neutral,Tasks,2,Software Development,3,Maybe
INT1379,The tasks assigned to me didn't match the job description at all and I was rarely given tasks that felt connected to any bigger project or goal. Others might have had a different experience though.,Negative,Tasks,2,Software Development,2,No
INT1380,"The team communicated fine for day-to-day tasks but bigger updates sometimes came late and information usually reached me eventually, just not always as fast as I would have liked. That's just my honest take.",Neutral,Communication,5,Machine Learning,3,Yes
INT1381,"During my time here, there was almost no formal training, I was expected to already know things I'd never used. The training materials were outdated and didn't match the tools we actually used day to day. Others might have had a different experience though.",Negative,Training,3,Web Development,1,No
INT1382,"For the most part, nobody really discussed growth opportunities or what a future role here might look like. I left without much clarity on what skills I should focus on for my career. Meanwhile, the team felt fragmented, with different people rarely talking to each other. That's just my honest take.",Negative,Career Development,5,Finance,2,No
INT1383,"From my perspective, I learned to use version control properly for the first time, and it's already paying off.",Positive,Learning,2,Machine Learning,4,Yes
INT1384,"All things considered, I sat through hours of generic training videos that had nothing to do with my actual role.",Negative,Training,2,Finance,2,No
INT1385,"The learning curve was gentle, maybe too gentle for someone who wanted more of a challenge and I learned a few new things, but a lot of it was stuff I already knew from school. That said, information usually reached me eventually, just not always as fast as I would have liked. Hopefully this helps improve the program.",Neutral,Learning,1,Artificial Intelligence,3,Maybe
INT1386,"If I'm being honest, I'd call this internship a genuinely valuable experience that shaped how I think about work and looking back, I'm glad I chose this internship over the other offers I had. Meanwhile, tasks were varied enough that I never felt bored during the day.",Positive,Overall Experience,5,Marketing,5,Yes
INT1387,"For the most part, my mentor was available when needed but we didn't have a very structured relationship. Also, onboarding was okay, some sessions were useful and others felt like they could've been an email.",Neutral,Mentorship,4,Data Science,3,No
INT1388,"If I'm being honest, the tasks assigned to me didn't match the job description at all and most of my days were spent on repetitive data entry that didn't require much thought. Meanwhile, most of what I did was so repetitive that there wasn't much room to actually learn anything new.",Negative,Tasks,2,Finance,1,No
INT1389,"By the end of the internship, it was a fairly average internship, neither a highlight nor a disappointment. On top of that, I got a general sense of the industry, though not much specific career guidance.",Neutral,Overall Experience,6,Machine Learning,3,Yes
INT1390,"Honestly, the internship offered very little in terms of skill development, mostly just data entry-type work.",Negative,Learning,1,Data Science,1,No
INT1391,"From my perspective, important updates about deadlines sometimes reached me only after they had already passed. Additionally, the lack of guidance meant I spent a lot of time unsure whether my work was even useful.",Negative,Communication,2,Software Development,1,No
INT1392,"Overall, the team culture was relaxed but still focused, which made coming to work genuinely enjoyable. Additionally, the one-on-one sessions with my mentor were probably the most valuable part of the internship.",Positive,Team Environment,3,Machine Learning,4,Yes
INT1393,"Nothing stood out about the environment, it was just a typical corporate setup. The work environment was ordinary, similar to what I expected from an office internship. That said, everyone's experience can vary.",Neutral,Work Environment,2,Machine Learning,3,Maybe
INT1394,"If I'm being honest, my assigned mentor was too busy with their own work to actually guide me. I mostly had to figure things out on my own since nobody had time to explain anything. I wanted to share this feedback for future improvement.",Negative,Mentorship,1,Artificial Intelligence,2,Maybe
INT1395,"All things considered, I'd call this internship a genuinely valuable experience that shaped how I think about work. Overall this internship exceeded what I expected going in and I'd recommend it to a friend.",Positive,Overall Experience,2,Finance,4,Yes
INT1396,"By the end of the internship, the team culture was relaxed but still focused, which made coming to work genuinely enjoyable. That's just my honest take.",Positive,Team Environment,2,Software Development,5,Yes
INT1397,"If I'm being honest, we had regular meetings, but a lot of the important details still got lost between teams and communication was decent overall, though sometimes emails took a day or two to get answered. Also, nothing stood out about the environment, it was just a typical corporate setup. That said, everyone's experience can vary.",Neutral,Communication,2,Business Development,3,Yes
INT1398,"Overall it was an okay experience, some good parts and some parts I'd change and it was a fairly average internship, neither a highlight nor a disappointment. I wanted to share this feedback for future improvement.",Neutral,Overall Experience,5,Artificial Intelligence,3,Yes
INT1399,"In my experience, workload was about average, nothing that felt unreasonable but not exactly relaxed either and the workload fluctuated a lot, some weeks were packed and others were almost too quiet. Also, the training covered the basics adequately, though it felt a bit generic. That's just my honest take.",Neutral,Workload,1,Data Science,2,Maybe
INT1400,"So far, I barely got to interact with the wider team beyond my direct supervisor. That said, everyone's experience can vary.",Negative,Team Environment,1,Human Resources,1,No
INT1401,"Looking back, I appreciated that training wasn't rushed, we actually had time to practice before doing real work.",Positive,Training,3,Finance,5,Yes
INT1402,"Overall, there were busy weeks, but overall the workload felt fair given my experience level. Meanwhile, I had a mentor who genuinely cared about my growth and checked in regularly.",Positive,Workload,2,Artificial Intelligence,5,Yes
INT1403,"To be fair, the team was polite but mostly kept to themselves, so bonding took a while and the environment was fine, not particularly close-knit but not unfriendly either.",Neutral,Team Environment,4,Business Development,2,Yes
INT1404,"Honestly, communication between departments was so poor that tasks sometimes contradicted each other and there was a real disconnect between what one manager said and what another expected. That said, everyone's experience can vary.",Negative,Communication,6,Data Science,3,No
INT1405,"Throughout the program, I got genuinely useful advice on my resume and how to prepare for future interviews. Just my two cents.",Positive,Career Development,1,Software Development,3,Yes
INT1406,"So far, the onboarding was so rushed that I still had questions about basic tools weeks later. Others might have had a different experience though.",Negative,Training,5,Web Development,2,Maybe
INT1407,"The team felt fragmented, with different people rarely talking to each other.",Negative,Team Environment,5,Marketing,1,No
INT1408,"Throughout the program, nothing stood out about the environment, it was just a typical corporate setup and the setup was fine, standard desks and standard hours, nothing remarkable either way. That said, everyone's experience can vary.",Neutral,Work Environment,1,Software Development,2,Yes
INT1409,"From my perspective, some days had engaging projects, others were mostly just formatting spreadsheets. I worked on a reasonable variety of tasks, though none of them felt particularly high-impact. That's just my honest take.",Neutral,Tasks,4,Marketing,4,Yes
INT1410,"My overall take is mixed, there were things I liked and things that could be better. Also, there were learning opportunities here and there, but nothing that felt especially deep.",Neutral,Overall Experience,3,Marketing,3,Yes
INT1411,The onboarding sessions covered exactly what I needed to get started without wasting time. The workshops during the first week gave me a solid foundation for the rest of the internship. Just my two cents.,Positive,Training,6,Finance,4,Yes
INT1412,"The lack of guidance meant I spent a lot of time unsure whether my work was even useful. I mostly had to figure things out on my own since nobody had time to explain anything. That said, everyone's experience can vary.",Negative,Mentorship,6,Web Development,2,Maybe
INT1413,"All things considered, important updates about deadlines sometimes reached me only after they had already passed. Additionally, my overall take is mixed, there were things I liked and things that could be better. I wanted to share this feedback for future improvement.",Negative,Communication,5,Business Development,3,No
INT1414,"Overall, whenever priorities shifted, someone made sure to explain why, which I really appreciated. I wanted to share this feedback for future improvement.",Positive,Communication,4,Business Development,5,Yes
INT1415,"To be fair, I often felt like an outsider since most conversations happened without including interns. That said, I felt constantly behind because new tasks kept piling up before I finished the last ones.",Negative,Team Environment,2,Machine Learning,2,No
INT1416,"Overall, the tasks assigned to me didn't match the job description at all and the work I did often felt like busywork rather than anything that mattered to the team. That said, everyone's experience can vary.",Negative,Tasks,1,Data Science,2,No
INT1417,"Looking back, getting to see how decisions are made in real projects taught me more than any lecture. Meanwhile, there were busy weeks, but overall the workload felt fair given my experience level.",Positive,Learning,1,Marketing,3,Yes
INT1418,"If I'm being honest, the lack of guidance meant I spent a lot of time unsure whether my work was even useful. I mostly had to figure things out on my own since nobody had time to explain anything. On top of that, overall this internship fell short of what I was expecting when I accepted the offer. That said, everyone's experience can vary.",Negative,Mentorship,5,Business Development,3,No
INT1419,"So far, there was no real effort to help interns think about next steps or career planning. Meanwhile, resources like laptops and software licenses took weeks to sort out, which was frustrating. Hopefully this helps improve the program.",Negative,Career Development,1,Data Science,3,No
INT1420,"In my experience, workload was about average, nothing that felt unreasonable but not exactly relaxed either. Meanwhile, information usually reached me eventually, just not always as fast as I would have liked. That said, everyone's experience can vary.",Neutral,Workload,4,Business Development,3,No
INT1421,"To be fair, the office felt disorganized, with unclear seating and outdated equipment for interns. Hopefully this helps improve the program.",Negative,Work Environment,1,Marketing,2,No
INT1422,"Updates about project changes always reached me quickly, so I rarely felt out of the loop. That's just my honest take.",Positive,Communication,5,Marketing,3,Yes
INT1423,"To be fair, Slack messages got answered most of the time, though not always the same day.",Neutral,Communication,5,Marketing,3,Maybe
INT1424,"There wasn't a dedicated career development component, but I picked up a few useful tips along the way and career advice came up occasionally in conversations but wasn't a structured part of the program. That's just my honest take.",Neutral,Career Development,3,Software Development,3,Maybe
INT1425,"Whenever priorities shifted, someone made sure to explain why, which I really appreciated. The team was upfront about expectations from day one, which made planning my work much easier. Just my two cents.",Positive,Communication,6,Software Development,4,Yes
INT1426,"If I'm being honest, the work environment was ordinary, similar to what I expected from an office internship. Nothing stood out about the environment, it was just a typical corporate setup.",Neutral,Work Environment,4,Marketing,2,Maybe
INT1427,"By the end of the internship, I finished the internship feeling like I didn't get much value out of the time I put in. I wanted to share this feedback for future improvement.",Negative,Overall Experience,5,Software Development,2,No
INT1428,"So far, coworkers were nice enough, though most interactions stayed strictly work related.",Neutral,Team Environment,1,Finance,2,Maybe
INT1429,"To be fair, important updates about deadlines sometimes reached me only after they had already passed. That said, I often felt like an outsider since most conversations happened without including interns. Hopefully this helps improve the program.",Negative,Communication,5,Machine Learning,1,No
INT1430,"In my experience, the tasks assigned to me didn't match the job description at all. That said, everyone's experience can vary.",Negative,Tasks,1,Marketing,1,Maybe
INT1431,The exposure to real industry work will definitely help me stand out when I apply for jobs. I wanted to share this feedback for future improvement.,Positive,Career Development,1,Data Science,3,Yes
INT1432,"Looking back, communication between departments was so poor that tasks sometimes contradicted each other. Important updates about deadlines sometimes reached me only after they had already passed.",Negative,Communication,1,Software Development,1,No
INT1433,The guidance I got from my supervisor helped me avoid a lot of rookie mistakes. That's just my honest take.,Positive,Mentorship,3,Business Development,5,Yes
INT1434,"To be fair, mentorship existed on paper but in practice it depended a lot on how busy people were. That's just my honest take.",Neutral,Mentorship,4,Machine Learning,3,Maybe
INT1435,"So far, everyone on the team was friendly and made me feel included from the very first day. That's just my honest take.",Positive,Team Environment,1,Marketing,4,Yes
INT1436,There was no real effort to help interns think about next steps or career planning. Nobody really discussed growth opportunities or what a future role here might look like. Hopefully this helps improve the program.,Negative,Career Development,6,Artificial Intelligence,3,No
INT1437,"For the most part, the office had a comfortable, low-pressure atmosphere that made it easy to concentrate. On top of that, this internship gave me a much clearer picture of what career path I actually want to pursue. That said, everyone's experience can vary.",Positive,Work Environment,2,Marketing,5,Maybe
INT1438,"In my experience, the overall environment felt professional but not stiff, which suited me well. That said, everyone's experience can vary.",Positive,Work Environment,4,Business Development,4,Maybe
INT1439,"The team culture was relaxed but still focused, which made coming to work genuinely enjoyable and I felt comfortable asking silly questions because nobody made me feel judged for it. Others might have had a different experience though.",Positive,Team Environment,3,Human Resources,5,Yes
INT1440,"Important updates about deadlines sometimes reached me only after they had already passed. Getting a straight answer to a simple question could take days, which slowed everything down. Just my two cents.",Negative,Communication,2,Marketing,3,Yes
INT1441,"By the end of the internship, the team communicated fine for day-to-day tasks but bigger updates sometimes came late. Meanwhile, I was assigned a mentor but our interactions were mostly limited to quick status updates.",Neutral,Communication,4,Human Resources,3,No
INT1442,"For the most part, I came in hoping to learn a specific tool, but never actually got the chance to use it. Others might have had a different experience though.",Negative,Learning,5,Artificial Intelligence,1,Yes
INT1443,"Looking back, the lack of guidance meant I spent a lot of time unsure whether my work was even useful and I went weeks without hearing from my mentor, which made it hard to know if I was on track. Additionally, the tasks assigned to me didn't match the job description at all.",Negative,Mentorship,4,Marketing,2,Maybe
INT1444,"Nothing stood out about the environment, it was just a typical corporate setup. The setup was fine, standard desks and standard hours, nothing remarkable either way. Others might have had a different experience though.",Neutral,Work Environment,3,Machine Learning,2,Maybe
INT1445,"All things considered, I felt constantly behind because new tasks kept piling up before I finished the last ones. Just my two cents.",Negative,Workload,3,Business Development,3,No
INT1446,"Honestly, I never felt overwhelmed, and when things did get busy, my manager adjusted deadlines accordingly. That said, overall this internship exceeded what I expected going in and I'd recommend it to a friend.",Positive,Workload,3,Web Development,5,Maybe
INT1447,"If I'm being honest, the learning curve was gentle, maybe too gentle for someone who wanted more of a challenge. There were learning opportunities here and there, but nothing that felt especially deep. Additionally, onboarding was okay, some sessions were useful and others felt like they could've been an email.",Neutral,Learning,1,Marketing,2,Yes
INT1448,"So far, I walked away with a much better understanding of how production systems actually work. That said, I liked that the company trusted interns enough to work flexible hours when needed. I wanted to share this feedback for future improvement.",Positive,Learning,2,Human Resources,5,Yes
INT1449,"By the end of the internship, important updates about deadlines sometimes reached me only after they had already passed. Meanwhile, I picked up some practical skills, though the internship leaned more toward repetition than discovery.",Negative,Communication,1,Business Development,1,No
INT1450,"Honestly, nothing stood out about the environment, it was just a typical corporate setup.",Neutral,Work Environment,1,Machine Learning,3,No
INT1451,"To be fair, the onboarding sessions covered exactly what I needed to get started without wasting time. Just my two cents.",Positive,Training,2,Marketing,5,Maybe
INT1452,"All things considered, I worked on a reasonable variety of tasks, though none of them felt particularly high-impact and the tasks were fine, a mix of interesting bits and some routine administrative work. Others might have had a different experience though.",Neutral,Tasks,3,Marketing,4,Maybe
INT1453,"To be fair, I left without much clarity on what skills I should focus on for my career and there was no real effort to help interns think about next steps or career planning. Hopefully this helps improve the program.",Negative,Career Development,2,Data Science,2,No
INT1454,"To be fair, I worked on a reasonable variety of tasks, though none of them felt particularly high-impact and some days had engaging projects, others were mostly just formatting spreadsheets.",Neutral,Tasks,4,Web Development,3,Maybe
INT1455,"Honestly, career advice came up occasionally in conversations but wasn't a structured part of the program. Also, the tasks were fine, a mix of interesting bits and some routine administrative work.",Neutral,Career Development,2,Finance,3,Maybe
INT1456,"By the end of the internship, this internship gave me a much clearer picture of what career path I actually want to pursue and I got genuinely useful advice on my resume and how to prepare for future interviews.",Positive,Career Development,3,Machine Learning,4,Yes
INT1457,"All things considered, nothing stood out about the environment, it was just a typical corporate setup. The work environment was ordinary, similar to what I expected from an office internship. Others might have had a different experience though.",Neutral,Work Environment,6,Business Development,2,No
INT1458,"To be fair, overall this internship exceeded what I expected going in and I'd recommend it to a friend. Others might have had a different experience though.",Positive,Overall Experience,6,Software Development,3,Yes
INT1459,"Honestly, the tasks assigned to me didn't match the job description at all. That's just my honest take.",Negative,Tasks,5,Software Development,1,Maybe
INT1460,"Overall, the workload fluctuated a lot, some weeks were packed and others were almost too quiet. Hopefully this helps improve the program.",Neutral,Workload,1,Marketing,3,Maybe
INT1461,"To be fair, I liked that the company trusted interns enough to work flexible hours when needed. Additionally, I walked away with a much better understanding of how production systems actually work. That's just my honest take.",Positive,Work Environment,4,Artificial Intelligence,5,Yes
INT1462,"The overall environment felt professional but not stiff, which suited me well. Also, the assignments were challenging without being overwhelming, which kept me engaged. Others might have had a different experience though.",Positive,Work Environment,2,Data Science,4,Yes
INT1463,"By the end of the internship, resources like laptops and software licenses took weeks to sort out, which was frustrating. There was a lot of pressure in the air that made the environment feel stressful most days. That said, everyone's experience can vary.",Negative,Work Environment,4,Business Development,2,Maybe
INT1464,"For the most part, it was a fairly average internship, neither a highlight nor a disappointment. Just my two cents.",Neutral,Overall Experience,5,Machine Learning,4,Yes
INT1465,"I got a general sense of the industry, though not much specific career guidance. There wasn't a dedicated career development component, but I picked up a few useful tips along the way.",Neutral,Career Development,5,Business Development,3,Maybe
INT1466,"From my perspective, deadlines were frequently unrealistic given how much other work was already on my plate. Meanwhile, I was rarely given tasks that felt connected to any bigger project or goal.",Negative,Workload,5,Software Development,1,No
INT1467,"All things considered, getting to see how decisions are made in real projects taught me more than any lecture.",Positive,Learning,4,Machine Learning,5,Yes
INT1468,"During my time here, I learned to use version control properly for the first time, and it's already paying off and I picked up skills here that I doubt I would have learned this fast in a classroom.",Positive,Learning,1,Data Science,3,Yes
INT1469,"By the end of the internship, my mentor was available when needed but we didn't have a very structured relationship. Just my two cents.",Neutral,Mentorship,4,Marketing,2,No
INT1470,"Overall, resources like laptops and software licenses took weeks to sort out, which was frustrating. There was a lot of pressure in the air that made the environment feel stressful most days.",Negative,Work Environment,3,Software Development,1,No
INT1471,"Workload was about average, nothing that felt unreasonable but not exactly relaxed either. On top of that, it was a fairly average internship, neither a highlight nor a disappointment. That said, everyone's experience can vary.",Neutral,Workload,5,Artificial Intelligence,3,Maybe
INT1472,"The office had a comfortable, low-pressure atmosphere that made it easy to concentrate and the overall environment felt professional but not stiff, which suited me well. Also, the team culture was relaxed but still focused, which made coming to work genuinely enjoyable.",Positive,Work Environment,1,Finance,5,Yes
INT1473,"To be fair, I picked up some practical skills, though the internship leaned more toward repetition than discovery. Others might have had a different experience though.",Neutral,Learning,6,Marketing,3,Yes
INT1474,"By the end of the internship, I rarely got any real feedback from my supervisor beyond a quick 'looks good' and there was almost no mentorship structure, so I often felt left to guess what was expected. I wanted to share this feedback for future improvement.",Negative,Mentorship,1,Artificial Intelligence,3,No
INT1475,"In my experience, the onboarding was so rushed that I still had questions about basic tools weeks later. That's just my honest take.",Negative,Training,1,Finance,2,Maybe
INT1476,"Throughout the program, looking back, I wouldn't say this was a particularly rewarding experience. I finished the internship feeling like I didn't get much value out of the time I put in. On top of that, I went weeks without hearing from my mentor, which made it hard to know if I was on track. I wanted to share this feedback for future improvement.",Negative,Overall Experience,3,Business Development,1,No
INT1477,"Throughout the program, I finished the internship feeling like I didn't get much value out of the time I put in. Looking back, I wouldn't say this was a particularly rewarding experience. On top of that, nobody really discussed growth opportunities or what a future role here might look like. Hopefully this helps improve the program.",Negative,Overall Experience,6,Data Science,2,No
INT1478,"From my perspective, this internship gave me a much clearer picture of what career path I actually want to pursue and I got genuinely useful advice on my resume and how to prepare for future interviews. Also, coworkers were nice enough, though most interactions stayed strictly work related. I wanted to share this feedback for future improvement.",Positive,Career Development,5,Software Development,4,Maybe
INT1479,"Looking back, I expected to pick up new technical skills, but the tasks never really required them. I wanted to share this feedback for future improvement.",Negative,Learning,1,Web Development,3,No
INT1480,"From my perspective, my mentor pushed me to think through problems myself instead of just giving answers and I had a mentor who genuinely cared about my growth and checked in regularly. Others might have had a different experience though.",Positive,Mentorship,3,Data Science,4,Yes
INT1481,"By the end of the internship, communication between departments was so poor that tasks sometimes contradicted each other and important updates about deadlines sometimes reached me only after they had already passed. That said, everyone's experience can vary.",Negative,Communication,1,Data Science,2,No
INT1482,"Looking back, there was a lot of pressure in the air that made the environment feel stressful most days. Additionally, I barely got to interact with the wider team beyond my direct supervisor.",Negative,Work Environment,2,Finance,1,No
INT1483,"If I'm being honest, seeing how the full-time employees approached their work helped me set realistic career goals. That's just my honest take.",Positive,Career Development,2,Data Science,5,Yes
INT1484,"There were busy weeks, but overall the workload felt fair given my experience level. Others might have had a different experience though.",Positive,Workload,4,Business Development,4,Maybe
INT1485,"I walked away with a much better understanding of how production systems actually work. That said, everyone's experience can vary.",Positive,Learning,1,Artificial Intelligence,3,Yes
INT1486,"All things considered, tasks were varied enough that I never felt bored during the day.",Positive,Tasks,5,Machine Learning,5,Yes
INT1487,"Looking back, the workload was manageable, which let me actually focus on doing good work instead of rushing. On top of that, looking back, I'm glad I chose this internship over the other offers I had. That's just my honest take.",Positive,Workload,6,Finance,4,Yes
INT1488,"If I'm being honest, coworkers were nice enough, though most interactions stayed strictly work related.",Neutral,Team Environment,4,Data Science,2,Maybe
INT1489,"Overall, resources like laptops and software licenses took weeks to sort out, which was frustrating and the office felt disorganized, with unclear seating and outdated equipment for interns. That said, there was almost no formal training, I was expected to already know things I'd never used.",Negative,Work Environment,4,Data Science,2,Yes
INT1490,"The workshops during the first week gave me a solid foundation for the rest of the internship. That said, I learned a few new things, but a lot of it was stuff I already knew from school. I wanted to share this feedback for future improvement.",Positive,Training,5,Human Resources,5,Yes
INT1491,Nobody really discussed growth opportunities or what a future role here might look like. Hopefully this helps improve the program.,Negative,Career Development,5,Web Development,2,Maybe
INT1492,"From my perspective, the workload picked up so much toward the end that I had to work late several nights. I wanted to share this feedback for future improvement.",Negative,Workload,5,Business Development,2,No
INT1493,"To be fair, my coworkers were always willing to jump on a call and help troubleshoot with me. Just my two cents.",Positive,Team Environment,1,Marketing,5,Yes
INT1494,"During my time here, looking back, I'm glad I chose this internship over the other offers I had. Overall this internship exceeded what I expected going in and I'd recommend it to a friend. That's just my honest take.",Positive,Overall Experience,1,Software Development,5,Yes
INT1495,"By the end of the internship, our stand-up meetings were short but genuinely useful for staying aligned with the team. Meanwhile, the assignments were challenging without being overwhelming, which kept me engaged.",Positive,Communication,6,Machine Learning,3,Maybe
INT1496,"Tasks were varied enough that I never felt bored during the day. I appreciated that my work actually got used by the team instead of sitting in a drawer. That said, I never felt overwhelmed, and when things did get busy, my manager adjusted deadlines accordingly. I wanted to share this feedback for future improvement.",Positive,Tasks,5,Marketing,3,Yes
INT1497,"So far, some days had engaging projects, others were mostly just formatting spreadsheets. I worked on a reasonable variety of tasks, though none of them felt particularly high-impact. Hopefully this helps improve the program.",Neutral,Tasks,5,Web Development,4,Maybe
INT1498,"Honestly, tasks were varied enough that I never felt bored during the day. Hopefully this helps improve the program.",Positive,Tasks,1,Human Resources,4,Yes
INT1499,"From my perspective, this internship gave me a much clearer picture of what career path I actually want to pursue. That said, everyone's experience can vary.",Positive,Career Development,3,Human Resources,3,Maybe
INT1500,"For the most part, I came in hoping to learn a specific tool, but never actually got the chance to use it. Additionally, I went weeks without hearing from my mentor, which made it hard to know if I was on track.",Negative,Learning,1,Finance,2,Maybe
